match id,team1,team1_id,team1_roster_ids,team2,team2_id,team2_roster_ids,winner_id,toss winner,toss decision,venue,city,match_dt,lighting,series_name,season,ground_id,team_count_50runs_last15,team_winp_last5,team1only_avg_runs_last15,team1_winp_team2_last15,ground_avg_runs_last15
9272619,Me Ss,33949,4003390.0:7960994.0:3901078.0:2669316.0:3737103.0:5469092.0:1829491.0:5419532.0:4012203.0:6308098.0:2656541.0,Ht Hs,33928,5843200.0:4223883.0:4655384.0:6249256.0:2161599.0:3459623.0:8497866.0:4767832.0:4238975.0:5788418.0:6732004.0,33928,Ht Hs,field,Be Ol Ht,Hobart,09-01-2023,night match,Bg Bh Le,2022/23,6348,0.6666666666666666,1,167.93333333333334,60,154.1153846153846
9086958,Na,209,5836452.0:8246468.0:7500324.0:3065502.0:3633503.0:3377359.0:1547993.0:3876760.0:4176661.0:2311574.0:7488753.0,Si La,69,7200598.0:4403531.0:3260564.0:2420760.0:2398346.0:3061225.0:5490666.0:4365878.0:5786836.0:3865077.0:7968225.0,209,Si La,field,GA Sm Sh Gg Va,Geelong,16-10-2022,day/night match,Si La tr of Aa,2022/23,3961,0.1428571428571428,0.2079207920792079,141.88888888888889,0,142.83333333333334
9433654,Gn,7573,5164844.0:8110185.0:2979857.0:1722048.0:2707431.0:3834361.0:2336487.0:5161652.0:3212292.0:8339701.0:5192830.0,St,9701,6139370.0:7694581.0:3294444.0:3239102.0:4817000.0:5288226.0:8211328.0:3252395.0:2850868.0:74367.0:9344117.0,9701,St,field,Sa Gs Cf,Cardiff,21-06-2023,day/night match,Vy Bt,2023,4521,0.6666666666666666,0.3442622950819672,178.8,0,155.73333333333332
9097248,Ks,22784,3496933.0:4167673.0:4160316.0:1863889.0:310883.0:2667244.0:2294837.0:4239794.0:3802378.0:4168086.0:4817014.0,Ds,22763,3399745.0:4898074.0:3782225.0:2252452.0:2231907.0:3490087.0:7497013.0:4888260.0:3062079.0:6639674.0:3747484.0,22763,Ks,bat,St Gs Pk Pt Eh,Port Elizabeth,08-02-2022,day match,CA T0 Ce,2021/22,1224,0.5,0.2592592592592592,138,0,142.5
9097234,Ws,23841,4166882.0:3009215.0:1963443.0:3252927.0:4171859.0:3009334.0:6665462.0:4875086.0:2295642.0:6845950.0:6816718.0,Ts,23750,2654014.0:2667223.0:3406717.0:3057312.0:4159644.0:4888218.0:2259739.0:4160267.0:328607.0:2659222.0:2654028.0,23841,Ts,field,St Gs Pk Pt Eh,Port Elizabeth,07-02-2022,day match,CA T0 Ce,2021/22,1224,0.1666666666666666,1,155.8,100,
9516555,Rl Cs Be,30393,1776627.0:313809.0:8117990.0:2275195.0:5972868.0:210328.0:7586970.0:5490666.0:2157770.0:5444718.0:6586824.0:2733380.0,Rn Rs,30428,8058959.0:2162782.0:7833195.0:2981614.0:4690188.0:8228429.0:184960.0:9009482.0:2740408.0:1945397.0:3068547.0:3011735.0,30393,Rn Rs,field,M Cy Sm Bu,Bengaluru,23-04-2023,day/night match,In Pr Le,2023,4794,0.9411764705882352,1.4878048780487805,184.53333333333333,66.67,185.33333333333331
9587129,St La Ks,36112,2331475.0:1626526.0:2398346.0:2742837.0:9398906.0:4690230.0:2097017.0:7459647.0:8464343.0:4068133.0:8339701.0,Ja Ts,36098,4690258.0:1749075.0:2436944.0:1613898.0:3150720.0:1594319.0:5744836.0:4690104.0:5509524.0:2036649.0:3023383.0,36098,Ja Ts,field,Pe Sm Ga,Providence,19-09-2023,night match,Cn Pr Le,2023,13915,0.8,1.9523809523809523,169.53333333333333,20,153.91666666666666
9615003,Sh Aa,34,1884973.0:2604825.0:4166882.0:4203499.0:4171859.0:4888218.0:3872756.0:4172083.0:1874081.0:3794174.0:2659222.0,Aa,27,4239038.0:3710090.0:1907163.0:4635658.0:2275097.0:6249256.0:3501889.0:2790675.0:5788418.0:7866039.0:8193310.0,27,Sh Aa,bat,Kd Dn,Durban,03-09-2023,day match,Aa tr of Sh Aa,2023/24,2127,0.4210526315789473,0.2592592592592592,190.13333333333333,0,147
9185406,Rl Cs Be,30393,1776627.0:313809.0:5765934.0:2275195.0:5972868.0:210328.0:8117990.0:5490666.0:2733380.0:2018001.0:6586824.0,Rn Rs,30428,8058959.0:2162782.0:2981614.0:7833195.0:4690188.0:7556051.0:184960.0:1945397.0:3011735.0:6420126.0:6347494.0,30428,Rn Rs,field,Na Mi Sm Ad,Ahmedabad,27-05-2022,night match,In Pr Le,2022,5893,0.6,1.975609756097561,170.26666666666668,66.67,155.1
9128790,Ss Hd,36014,7491294.0:7491273.0:3127354.0:4230127.0:4203499.0:1945355.0:5038018.0:2282125.0:8725709.0:5618038.0:6819238.0,Mi Is,30435,238727.0:5043310.0:5788320.0:8191868.0:6249256.0:4171859.0:7556303.0:7341900.0:4377694.0:7570107.0:6732004.0,36014,Mi Is,field,We Sm Mi,Mumbai,17-05-2022,night match,In Pr Le,2022,5004,1.4,0.5121951219512195,172.53333333333333,0,161.96666666666667
9457657,Ca Vs,40298,2263736.0:3758565.0:1613919.0:1965151.0:5771800.0:5017144.0:1934099.0:3850944.0:6528668.0:2316327.0:6931168.0,Rr Rs,35790,6930580.0:2104332.0:6818622.0:3294444.0:2875368.0:8127321.0:5736016.0:7084930.0:8938873.0:5554142.0:6486416.0,40298,Rr Rs,field,Se Ba Nl Sm Mr,Dhaka,10-02-2023,day/night match,Bh Pr Le,2022/23,14188,1.2,1,162.13333333333333,0,148.6
9837204,Bn,769,9111213.0:7655479.0:8004716.0:6751660.0:8991737.0:7655437.0:8520931.0:9413816.0:4975382.0:9301144.0:4153085.0,Ud Ab Es,202,8688952.0:9059000.0:8250115.0:2206637.0:8127279.0:8489816.0:8463783.0:7412922.0:8688868.0:8426291.0:2691688.0,202,Ud Ab Es,field,Mi Ct Gd,Kathmandu,30-10-2023,day match,Ud Ab Es tr of Nl,2023/24,24044,0,1.650487804878049,160,100,158.75
9272794,Sy Ss,33956,3535783.0:7869987.0:4002340.0:41740.0:3063696.0:8146998.0:34061.0:4756982.0:2790675.0:49496.0:7535324.0,Be Ht,33921,5786766.0:8561342.0:7870043.0:3890963.0:3114803.0:7620269.0:2633196.0:4967738.0:7353828.0:7866039.0:5419546.0,33921,Sy Ss,bat,Sy Ct Gd,Sydney,02-02-2023,night match,Bg Bh Le,2022/23,937,1.75,1,166.8,75,147.73333333333332
9489437,Mr Os,46766,4685568.0:2162782.0:1798705.0:6364588.0:4489722.0:3573723.0:3501889.0:6019306.0:8055417.0:6005838.0:8907338.0,Nn Ss,46745,1762060.0:4239038.0:6139370.0:3681957.0:6381962.0:1858961.0:4174932.0:1547993.0:1711492.0:5528116.0:3231437.0,46766,Mr Os,bat,Od Td Mr,Manchester,20-08-2023,day match,Te Hd Ms Cn,2023,538,1.1538461538461535,0.6721311475409836,150.66666666666666,0,150.56666666666666
9272535,Me Ss,33949,4003390.0:7960994.0:2669316.0:2275097.0:3901078.0:3737103.0:9070907.0:4012203.0:1945397.0:6308098.0:2656541.0,Ae Ss,33914,4239038.0:5492318.0:2286472.0:3681957.0:387778.0:8415854.0:5554254.0:4992378.0:6718844.0:5863290.0:55299.0,33949,Me Ss,bat,Ae Ol,Adelaide,31-12-2022,night match,Bg Bh Le,2022/23,930,0.6666666666666666,1.975609756097561,172.2,66.67,155.6
9586982,St Ks ad Ns Ps,38814,363047.0:3023320.0:8180682.0:6401800.0:6401198.0:232000.0:6347256.0:4160267.0:7535324.0:7921542.0:6401982.0,Bs Rs,36070,3462080.0:2436405.0:2740408.0:7550857.0:5742470.0:7761823.0:3575774.0:9071334.0:334963.0:6399210.0:6347494.0,36070,Bs Rs,field,Wr Pk Be St Ks,Basseterre,26-08-2023,night match,Cn Pr Le,2023,4045,1.8,0.3442622950819672,168.6,66.67,158.3
8844310,Aa,27,37351.0:4223883.0:4635658.0:2275195.0:1870357.0:2275097.0:1611364.0:3429236.0:2181157.0:2656541.0:2018001.0,Si La,69,7200598.0:2420760.0:5490596.0:5490582.0:5490666.0:3061225.0:2104409.0:4365878.0:3865077.0:4403573.0:7968225.0,27,Si La,field,Sy Ct Gd,Sydney,11-02-2022,night match,Si La tr of Aa,2021/22,937,1.125,1.975609756097561,140.6,100,154.71428571428572
8797081,Wt Is,41,4690258.0:2436405.0:4739552.0:4230127.0:1613926.0:5742470.0:2740408.0:4690104.0:5744850.0:3715697.0:3468870.0,Ed,20,2089079.0:6139370.0:2076192.0:62432.0:2827327.0:2083409.0:4685568.0:2022957.0:1711492.0:4507208.0:3231437.0,20,Wt Is,bat,Kn Ol Bn Bs,Bridgetown,30-01-2022,day/night match,Ed tr of Wt Is,2021/22,1406,0.6,1,166.73333333333332,40,166
9084809,Ex,7258,7671306.0:3200973.0:5406064.0:5436878.0:6364588.0:5788320.0:1499868.0:3030733.0:4460154.0:7688848.0:5404440.0,Gn,7573,2531913.0:1722048.0:5515922.0:5164844.0:2707431.0:6196280.0:3212278.0:2633196.0:3998070.0:7664957.0:1929619.0,7573,Gn,field,Sa Gs Cf,Cardiff,02-06-2022,night match,Vy Bt,2022,4521,0.7,1,157.13333333333333,50,148.15384615384616
9516576,Gt Ts,48341,1958683.0:7491224.0:4377610.0:3339160.0:2252452.0:5452754.0:2966879.0:5554254.0:3759846.0:3373285.0:8277716.0:6496482.0,Mi Is,30435,238727.0:5043310.0:7537004.0:8191868.0:3125562.0:6249256.0:8058924.0:230775.0:8041445.0:1907352.0:6732004.0:8118914.0,48341,Mi Is,field,Na Mi Sm Ad,Ahmedabad,25-04-2023,night match,In Pr Le,2023,5893,0.7333333333333333,1,163.4,0,160.06666666666666
9484488,Pr Zi,40550,8438926.0:2437021.0:8127230.0:3294444.0:2398346.0:2486896.0:393014.0:305143.0:4769470.0:9307892.0:5471948.0,Ki Ks,40564,1611364.0:1594347.0:8180570.0:8298338.0:298612.0:1594319.0:1612610.0:3216569.0:284339.0:3896801.0:2036649.0,40550,Ki Ks,field,Nl Sm Ki,Karachi,14-02-2023,night match,Pn Sr Le,2022/23,3422,1.6666666666666667,2.9047619047619047,182.9333333333333,80,173.9
9250317,Ua,251,1634709.0:3719197.0:8059372.0:7906968.0:5120674.0:6496846.0:6496776.0:7753577.0:182986.0:7753570.0:2943443.0,Pa Nw Ga,153,3086943.0:175405.0:2330873.0:2943002.0:2119928.0:3669784.0:4523364.0:8303616.0:7805244.0:7857912.0:7805188.0,153,Pa Nw Ga,field,Bo Ac Cb,Bulawayo,12-07-2022,day match,Ua tr of Ze,2022,3226,0,1,127,0,
9097430,Wn Pe,23869,323049.0:4876122.0:4880294.0:1837205.0:4164978.0:3373138.0:2204950.0:1858961.0:6640164.0:2659502.0:4239493.0,Bd,22497,4239773.0:1941743.0:4172972.0:6624582.0:3845029.0:1556253.0:2753036.0:3062555.0:4175772.0:4874092.0:6624470.0,22497,Wn Pe,bat,St Gs Pk Pt Eh,Port Elizabeth,25-02-2022,day match,CA T0 Ce,2021/22,1224,0.6,1.975609756097561,145.83333333333334,100,146.66666666666666
9249183,Aa,300,8392131.0:3284483.0:8096451.0:9227455.0:7712494.0:8846081.0:8846074.0:8392152.0:8846102.0:9227462.0:9265332.0,Ch Rc,895,8392194.0:9198405.0:9198398.0:8095324.0:8095317.0:9198412.0:8095352.0:9265367.0:9265374.0:8095359.0:9198384.0,895,Ch Rc,field,St Pe Fd Vr,Prague,10-07-2022,day match,Aa tr of Ch Rc,2022,24828,0.5,101,182,100,182.5
9433731,Ge,7608,3220566.0:4898074.0:6988596.0:8048074.0:5229230.0:2667027.0:2083227.0:2538983.0:3973528.0:7987237.0:6346752.0,St,9701,6139370.0:7694581.0:3294444.0:3239102.0:4817000.0:5288226.0:8211328.0:3252395.0:2850868.0:3546297.0:9344117.0,9701,St,field,Te Cr As Cy Gd Tn,Taunton,23-06-2023,night match,Vy Bt,2023,1042,0.25,0.6721311475409836,155.66666666666666,0,164.5
9097339,Ls,23113,1884973.0:2653986.0:4167855.0:6878164.0:4887406.0:2654042.0:2658445.0:3872756.0:1616040.0:6646240.0:2659166.0,Ts,23750,2654014.0:3406717.0:7494668.0:3057312.0:4159644.0:4888218.0:2259739.0:3818282.0:328607.0:2659222.0:2654028.0,23750,Ls,bat,St Gs Pk Pt Eh,Port Elizabeth,17-02-2022,day match,CA T0 Ce,2021/22,1224,0.25,1.4878048780487805,136.55555555555554,100,147.11111111111111
9128818,Di Cs,30421,7491189.0:1539236.0:1907163.0:6521080.0:4497688.0:5742470.0:3882850.0:3326980.0:3914658.0:3373866.0:6598528.0,Mi Is,30435,5043310.0:238727.0:7494668.0:8191868.0:6249256.0:7556303.0:5788320.0:8227974.0:4377694.0:7570107.0:6732004.0,30435,Mi Is,field,We Sm Mi,Mumbai,21-05-2022,night match,In Pr Le,2022,5004,2.111111111111111,1.4878048780487805,170.13333333333333,100,164.33333333333334
9084641,Gn,7573,2531913.0:1722048.0:5515922.0:5164844.0:2707431.0:6196280.0:5406302.0:2633196.0:3998070.0:7664957.0:1929619.0,Sy,9876,2089079.0:6282856.0:6210462.0:1798705.0:4640824.0:2111549.0:3573723.0:2022957.0:1613919.0:3901099.0:3231437.0,9876,Sy,field,Kn Ol Ln,London,27-05-2022,day/night match,Vy Bt,2022,328,0.6,0.5121951219512195,165.46153846153845,50,136.25
9837260,On,272,8937046.0:9818213.0:6584164.0:4095594.0:8936913.0:6694246.0:6219968.0:7541183.0:4772620.0:7541162.0:6565684.0,Nl,237,5563004.0:7409611.0:4908518.0:7993551.0:7507429.0:8127167.0:8776767.0:8296644.0:6722540.0:5604738.0:7409569.0,272,Nl,field,Tn Uy Il Ct Gd Kr,Kirtipur,02-11-2023,day match,On tr of Nl,2023/24,13586,0.4,0.6721311475409836,139.75,0,150.75
9489374,Mr Os,46766,4685568.0:2162782.0:1798705.0:6364588.0:3501889.0:3573723.0:4533682.0:8055417.0:3218340.0:6496482.0:6005838.0,Nn Ss,46745,6139370.0:4239038.0:6381962.0:3681957.0:4645304.0:1547993.0:4174932.0:1858961.0:1711492.0:5528116.0:3231437.0,46766,Mr Os,bat,Hy Ls,Leeds,13-08-2023,day match,Te Hd Ms Cn,2023,1266,1.0714285714285714,0.6721311475409836,150.66666666666666,0,171.36666666666667
9433661,Bm Bs,10366,7681869.0:3612286.0:8044112.0:2275195.0:8210789.0:4051396.0:8364726.0:1730658.0:7184666.0:2170762.0:3245689.0,Ye,10618,1762060.0:1655436.0:8033304.0:1637320.0:3620742.0:5367676.0:8050160.0:1547993.0:4527942.0:8070915.0:4473573.0,10366,Bm Bs,bat,Hy Ls,Leeds,22-06-2023,day/night match,Vy Bt,2023,1266,0.5714285714285714,1.3278688524590163,175.46666666666667,60,167.83333333333334
9684282,Ma Ph,13957,5959834.0:4760328.0:9455417.0:5765934.0:5959876.0:8717827.0:6598556.0:8713270.0:8228044.0:5119680.0:4859490.0:8118914.0,Di,12046,8228205.0:7861524.0:9047499.0:8058903.0:5636658.0:9099180.0:6511336.0:9188528.0:9455557.0:1657466.0:4901182.0,12046,Ma Ph,bat,Au Ct Ay Dn,Dehra Dun,17-10-2023,day match,Sd Mq Ai Ty,2023/24,22350,1.8,1,146.6153846153846,0,
9684695,Ch,32388,7947428.0:6598612.0:2385991.0:2642751.0:7417003.0:4944400.0:7923180.0:7947442.0:7557689.0:9822420.0:3691050.0:8725191.0,Ba,11283,7878982.0:9831891.0:3299407.0:4232164.0:8725723.0:8410772.0:8175768.0:4566540.0:7883504.0:4017523.0:8513091.0:8175789.0,11283,Ba,field,Si Mh Sm Jr,Jaipur,25-10-2023,day match,Sd Mq Ai Ty,2023/24,4661,1.5,1,128.72727272727272,0,119.63333333333334
9490060,Bh,188,3758565.0:2104332.0:393014.0:6930230.0:4403419.0:8127321.0:4403454.0:2436356.0:3769555.0:2316327.0:6486416.0,Id,216,2124002.0:3280024.0:6496412.0:6729862.0:7695666.0:2436251.0:4171460.0:3685100.0:7694588.0:2654021.0:6496426.0,188,Id,field,Zr Ad Cy Sm Cm,Chattogram,29-03-2023,day match,Id tr of Bh,2022/23,13530,3,2.9047619047619047,167.13333333333333,100,157.93333333333334
9076850,Mr Gp Da,40452,393371.0:2939124.0:6930580.0:391621.0:392188.0:1934099.0:2820957.0:392062.0:2296195.0:2104346.0:6931140.0,St Ss,45072,371825.0:2662491.0:1884672.0:319948.0:74087.0:3850944.0:3127683.0:3108958.0:1885337.0:3769555.0:2666831.0,45072,St Ss,field,Se Ba Nl Sm Mr,Dhaka,25-01-2022,day match,Bh Pr Le,2021/22,14188,0.6666666666666666,34.33,157.66666666666666,0,120.76666666666668
9084977,He,7727,2076192.0:4223883.0:8271913.0:5241564.0:2020332.0:3162487.0:8822729.0:1482998.0:2173688.0:4626236.0:5652758.0,Ex,7258,3200973.0:6065548.0:5406064.0:5436878.0:6364588.0:1499868.0:3030733.0:4460154.0:4873014.0:7688848.0:5404440.0,7727,He,bat,Te Re Bl Sn,Southampton,09-06-2022,night match,Vy Bt,2022,8301,1.1428571428571428,1,163.66666666666666,66.67,149.625
9271674,Co Ss,47487,3008291.0:348361.0:8066883.0:5490582.0:74087.0:2104409.0:5554282.0:6347256.0:347346.0:2590293.0:5554142.0,Da Aa,47508,8363221.0:7787772.0:2398346.0:3239102.0:3061225.0:2097017.0:2998575.0:2420788.0:6652848.0:5490638.0:8277716.0,47487,Co Ss,bat,Ma Ra Il Ct Sm Sa Ha,Hambantota,08-12-2022,day match,La Pr Le,2022/23,17527,0.6363636363636364,1.9523809523809523,168.3,0,154.42857142857142
9094287,Bm Px,46780,7694581.0:8044112.0:62432.0:2827327.0:1611364.0:3220566.0:1482249.0:3590362.0:7184666.0:1905847.0:284339.0,Wh Fe,46752,4003390.0:6139370.0:3890963.0:3651472.0:2252452.0:2158869.0:2294823.0:2656541.0:2538983.0:2904943.0:6005866.0,46780,Wh Fe,field,Sa Gs Cf,Cardiff,13-08-2022,night match,Te Hd Ms Cn,2022,4521,0.5333333333333333,2.9047619047619047,152.54545454545453,100,141.13333333333333
9457440,Ka Ts,42573,9470873.0:393371.0:1594347.0:7960847.0:4403426.0:2614779.0:5021624.0:4403503.0:4731628.0:305143.0:2436356.0,Rr Rs,35790,2104332.0:8127230.0:5831622.0:6930580.0:298612.0:2875368.0:8127321.0:5736016.0:6486416.0:7866522.0:7084930.0,35790,Rr Rs,field,Zr Ad Cy Sm Cm,Chattogram,13-01-2023,night match,Bh Pr Le,2022/23,13530,0.8333333333333334,0.2079207920792079,160.4,0,152.42857142857142
9084928,Gn,7573,2531913.0:1722048.0:319948.0:2707431.0:4174610.0:6196280.0:5164844.0:3998070.0:1489186.0:7664957.0:1929619.0,Ge,7608,3220566.0:5229230.0:2082499.0:5764576.0:4005406.0:2083227.0:1482249.0:1707628.0:2538983.0:6060844.0:3973528.0,7608,Ge,field,Sa Gs Cf,Cardiff,07-06-2022,day/night match,Vy Bt,2022,4521,1.1428571428571428,0.5121951219512195,166.13333333333333,0,148.15384615384616
9484558,Pr Zi,40550,8438926.0:2437021.0:8127230.0:3294444.0:5742470.0:2486896.0:3061225.0:305143.0:2437077.0:7913254.0:9307892.0,Id Ud,40578,6818622.0:1626526.0:2364543.0:6460614.0:3459623.0:7960847.0:8522422.0:4767832.0:3851658.0:4769148.0:3137714.0,40578,Id Ud,field,Nl Sm Ki,Karachi,23-02-2023,night match,Pn Sr Le,2022/23,3422,0.7272727272727273,1.4878048780487805,180.66666666666663,60,170.9
9830764,Ze,76,3257302.0:4996690.0:387897.0:2097017.0:3471761.0:4709438.0:6572726.0:7859970.0:2979486.0:4175205.0:3456284.0,Na,209,5836452.0:4170543.0:3377359.0:3633503.0:3876760.0:3793950.0:4887952.0:7500324.0:2311574.0:3668538.0:4176661.0,209,Ze,bat,Ud Ct Cb Gd Wk,Windhoek,29-10-2023,day match,Ze tr of Na,2023/24,11885,1,1.4878048780487805,154.46666666666667,50,127.5
9438281,Ze,76,6625562.0:3257302.0:387897.0:6572726.0:391103.0:3471761.0:7321194.0:4872902.0:4001934.0:5643700.0:2979486.0,Id,216,2123974.0:3280024.0:6729820.0:6729862.0:2436251.0:4171460.0:4001962.0:7695666.0:7694588.0:3685100.0:2654021.0,216,Id,field,He Ss Cb,Harare,14-01-2023,day match,Id tr of Ze,2022/23,1833,0.625,1.4878048780487805,155.26666666666668,60,145.36363636363637
8887724,Ph Ss,33935,3535783.0:3507090.0:1626526.0:1798705.0:3501889.0:7869994.0:3535853.0:3216569.0:4472397.0:3214812.0:7877232.0,Sy Tr,33963,7572123.0:1749075.0:6718802.0:2083409.0:7534652.0:5788320.0:1612610.0:5497274.0:5509524.0:3497633.0:4507208.0,33963,Ph Ss,bat,Ca Ol,Carrara,06-01-2022,night match,Bg Bh Le,2021/22,6663,1.25,1.3278688524590163,179.86666666666667,50,139.1
9702755,Me Rs,33942,4003390.0:2654014.0:8176356.0:2336473.0:37351.0:1635773.0:7537067.0:4393402.0:1905847.0:2656541.0:6818776.0,Ht Hs,33928,1611364.0:5843200.0:5716402.0:3890963.0:6249256.0:1943647.0:7555673.0:2022957.0:7629747.0:5788418.0:6732004.0,33928,Ht Hs,field,Be Ol Ht,Hobart,23-12-2023,night match,Bg Bh Le,2023/24,6348,1.2307692307692308,1.9523809523809523,154.06666666666666,33.33,152.78571428571428
9085026,Le,8182,4685568.0:3085473.0:82228.0:1837205.0:6249256.0:2450895.0:4460070.0:8055417.0:4460056.0:3312350.0:4575878.0,Dm,6838,3293520.0:7651650.0:3490108.0:6257698.0:2100524.0:3218340.0:3622807.0:4174932.0:6402374.0:3216569.0:5231218.0,6838,Le,bat,Re Gd Cr le St,Chester-le-Street,10-06-2022,day/night match,Vy Bt,2022,7286,1,2.9047619047619047,161.53333333333333,50,159.95454545454547
9489409,Mr Os,46766,4685568.0:2162782.0:4489722.0:1798705.0:3501889.0:6364588.0:3573723.0:4533682.0:8055417.0:6005838.0:8907338.0,Tt Rs,46731,1749075.0:2125696.0:3294444.0:1626526.0:5788320.0:3890963.0:2535420.0:130437.0:3913475.0:4012203.0:5404440.0,46766,Tt Rs,field,Tt Be Nm,Nottingham,17-08-2023,night match,Te Hd Ms Cn,2023,251,1,0.5061728395061729,150.66666666666666,0,159.66666666666666
9407691,Pl Rs,48950,2089079.0:2162782.0:3009215.0:4160267.0:172199.0:2252452.0:4239780.0:3872756.0:6646240.0:3794174.0:2654028.0,Ss En Ce,48943,3200973.0:8786749.0:2269833.0:4203499.0:4171859.0:7787772.0:4874820.0:2259739.0:334963.0:4174932.0:2658445.0,48943,Ss En Ce,field,Bd Pk Pl,Paarl,19-01-2023,day/night match,S0,2022/23,7230,1.2857142857142858,0.7536574552977686,152,0,122.75
9887856,An,293,5554212.0:6818622.0:6450576.0:5736016.0:181404.0:3668356.0:5554282.0:6399210.0:8277716.0:5554142.0:6819238.0,Ud Ab Es,202,8688952.0:7990828.0:8250115.0:9899140.0:8463783.0:9883250.0:8489816.0:8688868.0:8688973.0:9471244.0:8426291.0,293,Ud Ab Es,field,Sh Ct Sm,Sharjah,29-12-2023,day/night match,An tr of Ud Ab Es,2023/24,5949,1,1,144.86666666666667,50,140.86666666666667
9331230,Py,45947,4188001.0:8917208.0:8917649.0:8917096.0:8917229.0:8916991.0:8118207.0:2960957.0:8181214.0:8131080.0:8725772.0,Ga,12389,8725282.0:5699700.0:8041445.0:8118088.0:8422987.0:5785464.0:7586970.0:2956407.0:5062462.0:2034479.0:5758780.0:5758766.0,12389,Ga,field,Si Mh Sm Jr,Jaipur,22-10-2022,day/night match,Sd Mq Ai Ty,2022/23,4661,0,0.5121951219512195,157.2,0,125.85714285714286
9290896,Si La,69,7200598.0:4403531.0:5490582.0:2420760.0:2398346.0:5490666.0:3061225.0:4365878.0:7968225.0:8363578.0:5551062.0,An,293,5554212.0:6818622.0:6450576.0:3668356.0:5554282.0:181404.0:5554254.0:5736016.0:5554142.0:6818776.0:6819238.0,293,An,field,Di Il Ct Sm,Dubai,27-08-2022,night match,Si La tr of Ud Ab Es,2022,17086,1.5714285714285714,0.5121951219512195,148.13333333333333,0,136.6
9051167,Ki Ks,40564,1594347.0:2437021.0:4003390.0:8298338.0:7646204.0:181404.0:1594319.0:2022957.0:5367676.0:3003867.0:3896801.0,Mn Ss,44904,1637320.0:2263736.0:6249256.0:2231928.0:5017144.0:8738631.0:2695468.0:3137714.0:284339.0:8427978.0:5789370.0,44904,Ki Ks,bat,Gi Sm Le,Lahore,16-02-2022,night match,Pn Sr Le,2021/22,3828,1,0.00990099,166,33.33,164
9702741,Sy Ss,33956,7869987.0:2076192.0:4002340.0:41740.0:3063696.0:7620283.0:9070970.0:4756982.0:1506077.0:8355808.0:49496.0,Ae Ss,33914,2161599.0:4239038.0:2286472.0:5469008.0:3681957.0:3573723.0:4967738.0:4992378.0:6718844.0:2538983.0:2286388.0,33956,Ae Ss,field,Sy Ct Gd,Sydney,22-12-2023,night match,Bg Bh Le,2023/24,937,1.6666666666666667,3.857142857142857,163.6,80,147.5
9128587,Rl Cs Be,30393,313809.0:7861524.0:1776627.0:2275195.0:7586970.0:8117990.0:210328.0:2733380.0:5490666.0:2018001.0:6586824.0,Ss Hd,36014,7491294.0:1945355.0:3127354.0:4203499.0:4230127.0:2642751.0:3693654.0:2282125.0:4874820.0:5618038.0:8725709.0,36014,Ss Hd,field,Be Sm Mi,Mumbai,23-04-2022,night match,In Pr Le,2022,2764,0.8571428571428571,0.7530864197530864,159.6,50,178.8125
9352349,Nw Zd,48,6718326.0:2653993.0:4381761.0:5764576.0:3069954.0:2672214.0:3519011.0:3156033.0:3913475.0:1626561.0:3456424.0,Ed,20,2082044.0:6282856.0:1655436.0:6381962.0:2827327.0:2162782.0:62432.0:4640824.0:1711492.0:4174932.0:4012203.0,20,Ed,field,Re Gd Cr le St,Chester-le-Street,30-08-2023,night match,Nw Zd tr of Ed,2023,7286,0.8260869565217391,1,173.06666666666666,50,151.03333333333333
9388553,Cl Ds,17744,6673008.0:3558316.0:3834256.0:270906.0:4949804.0:6496118.0:2537800.0:3083653.0:4950364.0:4170494.0:8447396.0,Nn Ds,17982,7907451.0:4381761.0:1945411.0:3913426.0:4949790.0:3834305.0:3776849.0:7543647.0:8354849.0:1636004.0:3566240.0,17982,Nn Ds,field,Sn Pk Hn,Hamilton,03-02-2023,night match,Sr Sh,2022/23,3541,1.75,1.4878048780487805,185.46666666666667,25,153.5
9587122,Ga An Ws,36084,8127230.0:5744850.0:4069666.0:8464329.0:7960847.0:4690188.0:2294823.0:9498810.0:4690328.0:3489093.0:284339.0,Bs Rs,36070,3462080.0:3575774.0:1798705.0:7550857.0:5742470.0:2740408.0:8931579.0:3200756.0:6347494.0:8131696.0:6399210.0,36084,Bs Rs,field,Pe Sm Ga,Providence,17-09-2023,night match,Cn Pr Le,2023,13915,3.5,1.975609756097561,163.93333333333334,60,155.1818181818182
8950766,Wt Is,41,4690258.0:2436405.0:4230127.0:2742837.0:5742470.0:3715697.0:1613926.0:5744850.0:4690104.0:4739552.0:3468870.0,Ia,55,238727.0:5043310.0:1776627.0:6521080.0:3125562.0:5959834.0:3130840.0:2733380.0:8228100.0:2282125.0:3011735.0,55,Ia,field,En Gs Ka,Kolkata,16-02-2022,night match,Wt Is tr of Ia,2021/22,2057,0.65,0.4059405940594059,166.73333333333332,0,150.22222222222223
9490067,Bh,188,3758565.0:2104332.0:4403419.0:393014.0:6930230.0:8127321.0:7976674.0:3769555.0:2436356.0:6930286.0:6486416.0,Id,216,2124002.0:3280024.0:6496412.0:6729862.0:4171460.0:2436251.0:7695666.0:3685100.0:7694588.0:8843540.0:6496426.0,216,Bh,bat,Zr Ad Cy Sm Cm,Chattogram,31-03-2023,day match,Id tr of Bh,2022/23,13530,3.75,2.9047619047619047,167.13333333333333,100,157.93333333333334
9433143,Le,8182,2450895.0:5229482.0:82228.0:2672214.0:2827327.0:387778.0:8821616.0:8055417.0:4012203.0:4507208.0:4575878.0,Bm Bs,10366,7681869.0:3612286.0:2275195.0:3890963.0:8210789.0:4051396.0:8044112.0:2170762.0:2855138.0:7184666.0:3245689.0,10366,Le,bat,En Bm,Birmingham,29-05-2023,day match,Vy Bt,2023,1161,0.5384615384615384,1,163.66666666666666,100,152.43333333333334
9271709,Ja Ks,47501,6818622.0:5490596.0:7576099.0:4403545.0:298612.0:1634611.0:3162487.0:8067002.0:7968225.0:5508488.0:8072056.0,Co Ss,47487,3008291.0:7882328.0:8066883.0:2104409.0:5490582.0:348361.0:1881193.0:6347256.0:1482249.0:3497171.0:5554142.0,47501,Co Ss,field,Pe Il Ct Sm,Kandy,12-12-2022,night match,La Pr Le,2022/23,17534,1.5,2.9047619047619047,156.15384615384616,100,161.83333333333334
9856741,Ze,76,6572726.0:6625562.0:4996690.0:391103.0:3471761.0:7500401.0:7321194.0:3788581.0:7267448.0:5643700.0:5789370.0,Id,216,2123974.0:2124002.0:6496412.0:6729862.0:4171460.0:2436251.0:3685100.0:7695666.0:3834333.0:2550414.0:6496482.0,216,Id,field,He Ss Cb,Harare,09-12-2023,day match,Id tr of Ze,2023/24,1833,0,1.975609756097561,152.93333333333334,100,145.30769230769232
9084627,Kt,8056,4655384.0:2958164.0:87191.0:2083409.0:3620756.0:3373138.0:7787772.0:6399210.0:4473993.0:7732934.0:3913468.0,Ex,7258,7671306.0:3200973.0:5406064.0:5436878.0:6364588.0:5788320.0:1499868.0:3030733.0:4460154.0:7688848.0:5404440.0,7258,Kt,bat,St Le Gd Cy,Canterbury,27-05-2022,night match,Vy Bt,2022,342,2.5,1.4878048780487805,167.6,100,167.94444444444446
9587150,To Kt Rs,36126,2209115.0:5940374.0:4230127.0:5744752.0:1613926.0:3715697.0:1934099.0:360086.0:1613919.0:6489846.0:7759443.0,Ga An Ws,36084,8127230.0:4739580.0:4069666.0:5744850.0:4690188.0:7960847.0:4739552.0:2294823.0:4690328.0:284339.0:3489093.0,36084,Ga An Ws,field,Pe Sm Ga,Providence,24-09-2023,night match,Cn Pr Le,2023,13915,0.625,1,166,25,152.96153846153845
9084865,De,6698,1637320.0:2433640.0:325814.0:4170186.0:6718788.0:7295028.0:3991700.0:8146998.0:4613580.0:7288490.0:6005866.0,Ne,8987,4003390.0:1749075.0:3651472.0:5516720.0:130437.0:34061.0:125915.0:6019306.0:2904943.0:1907268.0:4420828.0,8987,Ne,field,Cy Gd Dy,Derby,03-06-2022,night match,Vy Bt,2022,769,1.2727272727272727,1.975609756097561,162.46153846153845,0,162.4
9085404,Gn,7573,7734271.0:1722048.0:319948.0:2707431.0:2979857.0:4174610.0:6196280.0:3212278.0:3998070.0:7664957.0:5192830.0,Kt,8056,87191.0:8822715.0:7787772.0:3620756.0:1707621.0:142582.0:3373138.0:7687315.0:6399210.0:4473993.0:7732934.0,7573,Gn,bat,St Le Gd Cy,Canterbury,03-07-2022,day/night match,Vy Bt,2022,342,0.7777777777777778,0.5121951219512195,158.26666666666668,0,164.8181818181818
9388448,Ad,17583,1945390.0:8765154.0:3069954.0:3935854.0:8144184.0:4949776.0:3913440.0:5560190.0:7565697.0:8354835.0:9104003.0,Cl Ds,17744,1883790.0:3558316.0:3083632.0:270906.0:4949804.0:6496118.0:2537800.0:4950364.0:8447396.0:8435699.0:6879858.0,17744,Cl Ds,field,Pa Pk Nw Ph,New Plymouth,05-01-2023,day match,Sr Sh,2022/23,3135,0.5294117647058824,0.3442622950819672,154.86666666666667,66.67,191.41666666666663
9128811,Ci Sr Ks,30414,7422673.0:2653993.0:62432.0:7341704.0:232000.0:196580.0:3519011.0:8118067.0:7879829.0:8766372.0:8363578.0,Rn Rs,30428,8058959.0:2162782.0:2981614.0:7833195.0:184960.0:4690188.0:7556051.0:1945397.0:3011735.0:6420126.0:6347494.0,30428,Ci Sr Ks,bat,Be Sm Mi,Mumbai,20-05-2022,night match,In Pr Le,2022,2764,1,0.6721311475409836,170.93333333333334,50,179.625
9271660,Da Aa,47508,7787772.0:8363221.0:2398346.0:2097017.0:3061225.0:4403601.0:2420788.0:2998575.0:8277716.0:2436776.0:5490638.0,Ja Ks,47501,4403545.0:5490596.0:7576099.0:3260564.0:1634611.0:3162487.0:298612.0:7968225.0:8072056.0:8067002.0:8907338.0,47501,Da Aa,bat,Ma Ra Il Ct Sm Sa Ha,Hambantota,07-12-2022,day match,La Pr Le,2022/23,17527,0.8888888888888888,0.3442622950819672,146.77777777777777,0,159.83333333333334
8887696,Sy Tr,33963,7572123.0:1612610.0:6718802.0:2083409.0:7534652.0:5788320.0:5509524.0:6308112.0:3497633.0:8106713.0:4507208.0,Ae Ss,33914,5469008.0:4239038.0:5056134.0:1635773.0:5492318.0:8415854.0:4992378.0:5554254.0:6718844.0:55299.0:1684276.0,33963,Sy Tr,bat,Sy Sd Sm,Sydney,02-01-2022,night match,Bg Bh Le,2021/22,20782,1,61,171.06666666666666,66.67,159.5
9097311,Ds,22763,7497013.0:4898074.0:2231907.0:2252452.0:3490087.0:3782225.0:4888260.0:3062079.0:3513362.0:4866728.0:3747484.0,Ts,23750,3406717.0:2654014.0:7494668.0:3057312.0:4159644.0:4888218.0:2259739.0:3818282.0:328607.0:2659222.0:2654028.0,23750,Ts,field,St Gs Pk Pt Eh,Port Elizabeth,14-02-2022,day match,CA T0 Ce,2021/22,1224,0.25,1.4878048780487805,143.85714285714286,100,148.75
9271793,Ge Gs,47494,2214792.0:4403531.0:4932864.0:4857838.0:7520344.0:3364234.0:1594319.0:305143.0:3008179.0:2270519.0:6686658.0,Co Ss,47487,7882328.0:2104409.0:5490582.0:74087.0:348361.0:347346.0:181404.0:6347256.0:1482249.0:2590293.0:3497171.0,47487,Co Ss,field,R Pa Sm Co,Colombo,21-12-2022,night match,La Pr Le,2022/23,7041,1.4285714285714286,1,155.06666666666666,25,130.26666666666668
8887815,Ph Ss,33935,3535783.0:5459516.0:1798705.0:3501889.0:7869994.0:2633266.0:3216569.0:1907352.0:8339701.0:5459572.0:7877232.0,Ae Ss,33914,4239038.0:5492318.0:2082499.0:1635773.0:5469008.0:8415854.0:4992378.0:5863290.0:55299.0:1684276.0:3890998.0,33914,Ae Ss,field,Ae Ol,Adelaide,14-01-2022,day match,Bg Bh Le,2021/22,930,0.6666666666666666,3.857142857142857,179.46666666666667,100,158.25
9433668,Sy,9876,6282856.0:1798705.0:4640824.0:3573723.0:3851658.0:1613919.0:2022957.0:2790675.0:7276380.0:8860830.0:4433120.0,Mx,8700,4421689.0:7752989.0:4489722.0:4005406.0:7671166.0:150093.0:7672874.0:7806378.0:4489708.0:8333989.0:3590362.0,8700,Mx,field,Kn Ol Ln,London,22-06-2023,day/night match,Vy Bt,2023,328,1.8571428571428568,81,190.46666666666667,100,149.83333333333334
9128671,Gt Ts,48341,1958683.0:7491224.0:8059029.0:4377610.0:2252452.0:2966879.0:5554254.0:1956828.0:3456424.0:4690230.0:3373285.0,Pb Ks,30407,2082044.0:197658.0:2398346.0:2827327.0:2789079.0:5053082.0:2035102.0:3851518.0:7453697.0:7881845.0:3068547.0,30407,Gt Ts,bat,Dr DY Pl Ss Ay Mi,Navi Mumbai,03-05-2022,night match,In Pr Le,2022,16540,0.5,1.975609756097561,170.2,0,160.0909090909091
9330453,Pb,14454,7491294.0:8127181.0:5958840.0:2789555.0:7925546.0:7556303.0:7570107.0:2282132.0:8180500.0:9377969.0:3691057.0,Hd Ia,12718,5549088.0:8725058.0:8725086.0:8191868.0:7555652.0:8410611.0:8488864.0:8512944.0:7560069.0:4232325.0:8725079.0:9104997.0,14454,Hd Ia,field,Si Mh Sm Jr,Jaipur,11-10-2022,day/night match,Sd Mq Ai Ty,2022/23,4661,2,0.5061728395061729,150.7,0,165
9085194,Ge,7608,3220566.0:2115896.0:2082499.0:5764576.0:2083227.0:1482249.0:5229230.0:4005406.0:1707628.0:2036649.0:3973528.0,Kt,8056,87191.0:8822715.0:7787772.0:1707621.0:2083409.0:3620756.0:7687315.0:6399210.0:4473993.0:3913468.0:8299010.0,7608,Kt,field,St Le Gd Cy,Canterbury,21-06-2022,night match,Vy Bt,2022,342,0.8333333333333334,1.9523809523809523,165.06666666666666,66.67,165.45
9352237,Bh,188,4403454.0:2614779.0:3758565.0:6551978.0:3850944.0:4403426.0:2875368.0:2436356.0:4403503.0:3769555.0:6526498.0,Ud Ab Es,202,8688952.0:3743151.0:7412936.0:8250115.0:3323333.0:8463783.0:8375513.0:8688868.0:7412922.0:9299079.0:2691688.0,188,Ud Ab Es,field,Di Il Ct Sm,Dubai,27-09-2022,day match,Bh tr of Ud Ab Es,2022,17086,0.2857142857142857,0.3442622950819672,138.73333333333332,0,144.93333333333334
9587108,To Kt Rs,36126,1585457.0:5940374.0:2209115.0:5744752.0:1613926.0:8851030.0:3715697.0:130437.0:8069011.0:9061135.0:8395141.0,Ga An Ws,36084,8127230.0:5744850.0:4069666.0:4690188.0:7960847.0:2294823.0:4739580.0:4739552.0:4690328.0:284339.0:9266102.0,36084,Ga An Ws,field,Pe Sm Ga,Providence,16-09-2023,night match,Cn Pr Le,2023,13915,0.5625,1,166,25,155.1818181818182
9225355,Ia,55,238727.0:3125562.0:3479860.0:6521080.0:2981614.0:210328.0:3882850.0:8228100.0:2282125.0:4859490.0:7881845.0,Wt Is,41,4690258.0:2436405.0:1742453.0:4230127.0:5742470.0:4690188.0:2740408.0:3715697.0:6347256.0:4690230.0:6347494.0,55,Wt Is,field,Cl Bd Rl Pk Sm Tf Gd Ll,Lauderhill,06-08-2022,day match,Wt Is tr of Ud Ss of Aa,2022,16848,0.9285714285714286,1.4878048780487805,175.6,66.67,160.25
9094434,Ln St,46773,3200973.0:4655384.0:4223883.0:4489974.0:172199.0:74087.0:5367676.0:1482998.0:5788418.0:2173688.0:4626236.0,Mr Os,46766,4685568.0:1798705.0:325814.0:6364588.0:4171859.0:3501889.0:6320362.0:8055417.0:3312350.0:6496482.0:4575878.0,46766,Ln St,bat,Te Re Bl Sn,Southampton,02-09-2022,night match,Te Hd Ms Cn,2022,8301,1.2,1.4878048780487805,142.66666666666666,100,148.13333333333333
9866387,Cy,17653,2659243.0:4381747.0:3776590.0:3682160.0:8706179.0:2666705.0:8683562.0:8414699.0:7907661.0:4359417.0:8482788.0,Cl Ds,17744,3834256.0:4949804.0:3083632.0:8354800.0:6496118.0:2537800.0:8212917.0:3083653.0:4170494.0:5984376.0:8447396.0,17653,Cl Ds,field,Pa Pk Nw Ph,New Plymouth,30-12-2023,day/night match,Sr Sh,2023/24,3135,0.2352941176470588,1.975609756097561,164.46666666666667,60,191.41666666666663
9849706,Ze,76,3257302.0:6625562.0:391103.0:2097017.0:3471761.0:4001934.0:7321194.0:6572726.0:5643700.0:5789370.0:2979486.0,Ua,251,3719197.0:8059372.0:1634709.0:8246440.0:7906968.0:5120674.0:6496776.0:2943443.0:2943457.0:8059379.0:8964843.0,251,Ua,field,Ud Ct Cb Gd Wk,Windhoek,26-11-2023,day match,Ua tr of Na,2023/24,11885,0.6666666666666666,0.7530864197530864,154.46666666666667,0,127.5
9433423,Bm Bs,10366,3612286.0:7681869.0:62432.0:3890963.0:2275195.0:8210789.0:8044112.0:4051396.0:4769148.0:2170762.0:2855138.0,Ne,8917,8040164.0:2286472.0:2158869.0:2157770.0:4645304.0:3648203.0:3636821.0:8819985.0:3216569.0:8040136.0:8083060.0,10366,Bm Bs,bat,En Bm,Birmingham,09-06-2023,day/night match,Vy Bt,2023,1161,1.181818181818182,1.4878048780487805,177,100,156.5
9085390,Ex,7258,3200973.0:8044490.0:5406064.0:4489974.0:6364588.0:5788320.0:3030733.0:1499868.0:6258734.0:7688848.0:5404440.0,Gn,7573,7734271.0:1722048.0:319948.0:2979857.0:4174610.0:2707431.0:6196280.0:3212278.0:7664957.0:5192830.0:1929619.0,7258,Gn,field,Cy Gd Cd,Chelmsford,02-07-2022,day/night match,Vy Bt,2022,2239,1.8571428571428568,4.809523809523809,166.53333333333333,50,150.27272727272728
9084872,He,7727,2076192.0:4223883.0:8271913.0:2020332.0:3162487.0:8822729.0:1482998.0:5788418.0:2173688.0:7732892.0:4626236.0,Sx,9967,164233.0:4381761.0:8820496.0:3997727.0:74087.0:4411231.0:6311612.0:6347494.0:8820517.0:1471994.0:8006676.0,7727,Sx,field,Te Re Bl Sn,Southampton,04-06-2022,night match,Vy Bt,2022,8301,0.6666666666666666,0.6721311475409836,163.66666666666666,50,149.625
9433101,Dm,6838,3293520.0:3225305.0:7651650.0:6257698.0:3501889.0:7253350.0:8054017.0:6402374.0:3218340.0:5231218.0:4167946.0,Ye,10618,1762060.0:1655436.0:1637320.0:3620742.0:8050160.0:5367676.0:1547993.0:7651657.0:4527942.0:8070915.0:4473573.0,6838,Ye,field,Hy Ls,Leeds,28-05-2023,day match,Vy Bt,2023,1266,0.6923076923076923,1,176.13333333333333,33.33,167.03333333333333
9084991,Sy,9876,2089079.0:6282856.0:4640824.0:1798705.0:1613919.0:1613926.0:3573723.0:2022957.0:7672657.0:3901099.0:3231437.0,Mx,8700,4421689.0:4489722.0:172199.0:7752989.0:150093.0:7672874.0:4489708.0:5509524.0:2593758.0:3590362.0:1907352.0,9876,Mx,field,Ls Ln,London,09-06-2022,day/night match,Vy Bt,2022,83,1.5454545454545454,1.975609756097561,160.21428571428572,100,146.3125
9272521,Me Rs,33942,1585457.0:2336473.0:46794.0:37351.0:1635773.0:7537067.0:2340372.0:3715697.0:4393402.0:1905847.0:6818776.0,Sy Ss,33956,3535783.0:7869987.0:2076192.0:41740.0:3063696.0:34061.0:8146998.0:4756982.0:2022957.0:1506077.0:7535324.0,33956,Me Rs,bat,GA Sm Sh Gg Va,Geelong,30-12-2022,night match,Bg Bh Le,2022/23,3961,0.8125,0.6721311475409836,158.13333333333333,0,137.14285714285714
9433087,Ye,10618,1762060.0:1655436.0:1637320.0:3620742.0:8050160.0:5367676.0:1547993.0:7651657.0:4527942.0:8070915.0:4473573.0,We,10576,2288789.0:3298427.0:7773338.0:3681957.0:7671313.0:2922611.0:5320118.0:4533682.0:7184232.0:7661996.0:6240632.0,10576,Ye,bat,Cy Gd Nw Rd Wr,Worcester,26-05-2023,day/night match,Vy Bt,2023,1525,1,1,179.13333333333333,100,161.9375
9684184,Ha,12669,2733380.0:8181144.0:5716206.0:2966879.0:9047555.0:8118151.0:8228009.0:3759846.0:3133122.0:3011735.0:9047520.0:217762.0,Ch,32388,7923180.0:6598612.0:2385991.0:7947442.0:2642751.0:7417003.0:9009461.0:4944400.0:9047632.0:9822420.0:7557689.0:8725191.0,32388,Ch,field,Si Mh Sm Jr,Jaipur,17-10-2023,day/night match,Sd Mq Ai Ty,2023/24,4661,0,1,151.3,0,139.36363636363637
9388560,Cy,17653,2659243.0:4381747.0:4381705.0:3682160.0:3834361.0:8706179.0:8414699.0:7907661.0:1495731.0:8482788.0:3834319.0,Oo,18360,2319638.0:8444855.0:4172706.0:6317142.0:7918280.0:7905568.0:4950252.0:7907479.0:3490150.0:4195827.0:4359417.0,18360,Oo,field,Hy Ol Ch,Christchurch,04-02-2023,day match,Sr Sh,2022/23,664,1.6666666666666667,1,159.73333333333332,100,152.8
9793832,Bh,188,7976590.0:8129680.0:5752256.0:4879426.0:6551978.0:6929558.0:5771800.0:7084972.0:7084930.0:8938873.0:6931140.0,Ia,55,8058959.0:7422673.0:8191868.0:5053082.0:5061748.0:5001170.0:5038018.0:8117990.0:7341186.0:8228100.0:7881845.0,55,Ia,field,Zg Uy of Ty Ct Fd,Hangzhou,06-10-2023,day match,Ia tr of Ca,2023,25479,0.3888888888888889,1.3278688524590163,164.53333333333333,0,119
9097381,Bd,22497,4239773.0:1941743.0:4172972.0:6624582.0:3845029.0:6639156.0:2625895.0:2753036.0:3062555.0:4175772.0:4874092.0,Ds,22763,3399745.0:4898074.0:4175065.0:3490087.0:2231907.0:7497013.0:3782225.0:4888414.0:3062079.0:4160358.0:3747484.0,22497,Ds,field,St Gs Pk Pt Eh,Port Elizabeth,20-02-2022,day match,CA T0 Ce,2021/22,1224,1,0.8360655737704918,154,0,145.19230769230768
9433822,Mx,8700,4421689.0:7752989.0:4489722.0:4005406.0:150093.0:7671166.0:7672874.0:7806378.0:8820538.0:3590362.0:6217350.0,Gn,7573,5164844.0:1722048.0:8110185.0:319948.0:2707431.0:7734271.0:2336487.0:5161652.0:7664957.0:3212292.0:8339701.0,8700,Mx,bat,Sa Gs Cf,Cardiff,02-07-2023,day match,Vy Bt,2023,4521,0.7142857142857143,1,179.4,50,157.03333333333333
9702804,Ae Ss,33914,4239038.0:2161599.0:2286472.0:3681957.0:3573723.0:4992378.0:7455818.0:4967738.0:6718844.0:6521234.0:2286388.0,Me Ss,33949,7960994.0:4489974.0:2669316.0:2275195.0:2275097.0:3901078.0:1594319.0:5406540.0:3507097.0:8441880.0:3890984.0,33949,Me Ss,field,Ae Ol,Adelaide,31-12-2023,night match,Bg Bh Le,2023/24,930,0.5714285714285714,0.5121951219512195,161.4,25,156.4
9128447,Pb Ks,30407,2789079.0:197658.0:2082044.0:2827327.0:5053082.0:5744850.0:5038046.0:3851518.0:7453697.0:8465057.0:7881845.0,Gt Ts,48341,1611364.0:7491224.0:8059029.0:4377610.0:2252452.0:2966879.0:5452754.0:5554254.0:7783432.0:3373285.0:3456424.0,48341,Gt Ts,field,Be Sm Mi,Mumbai,08-04-2022,night match,In Pr Le,2022,2764,1.375,0.6039603960396039,149.66666666666666,0,180.5
9830771,Na,209,5836452.0:4170543.0:3633503.0:3377359.0:3876760.0:4176661.0:3793950.0:7500324.0:2311574.0:4887952.0:3668538.0,Ze,76,3257302.0:4873028.0:387897.0:6572726.0:2097017.0:3471761.0:7321194.0:3788581.0:4175205.0:5643700.0:2979486.0,209,Ze,field,Ud Ct Cb Gd Wk,Windhoek,30-10-2023,day match,Ze tr of Na,2023/24,11885,0.6,0.6721311475409836,143.46153846153845,50,127.5
8887738,Ph Ss,33935,3535783.0:3507090.0:1626526.0:1798705.0:3501889.0:7869994.0:3535853.0:3216569.0:8339701.0:3214812.0:7877232.0,Sy Ss,33956,7869987.0:2076192.0:7620283.0:41740.0:3063696.0:34061.0:2790675.0:8146998.0:4756982.0:1506077.0:49496.0,33935,Ph Ss,bat,Ca Ol,Carrara,04-01-2022,night match,Bg Bh Le,2021/22,6663,1.25,1,179.86666666666667,25,139.1
9516667,Rn Rs,30428,8058959.0:2162782.0:2981614.0:7833195.0:184960.0:7556051.0:4690188.0:8228429.0:1945397.0:2656541.0:3068547.0:3011735.0,Gt Ts,48341,1958683.0:7491224.0:4377610.0:5554254.0:2252452.0:3339160.0:2966879.0:5452754.0:8277716.0:3373285.0:6496482.0:3759846.0,48341,Rn Rs,bat,Si Mh Sm Jr,Jaipur,05-05-2023,night match,In Pr Le,2023,4661,1.2857142857142858,1,182.8,25,133.375
9262175,St La Ks,36112,313809.0:2331475.0:3008291.0:3681957.0:2742837.0:1547993.0:7459647.0:4690230.0:8464343.0:3150538.0:3715725.0,To Kt Rs,36126,4381761.0:8130415.0:1626526.0:4230127.0:1613926.0:3715697.0:1934099.0:1613919.0:4068133.0:370397.0:3513362.0,36112,To Kt Rs,field,Bn La Sm Ta Td,Tarouba,18-09-2022,night match,Cn Pr Le,2022,14300,1.375,1.4878048780487805,172.06666666666666,50,160.25
9086993,Si La,69,7200598.0:4403531.0:3260564.0:2398346.0:5490582.0:3061225.0:5490666.0:4365878.0:5786836.0:3865077.0:7968225.0,Ud Ab Es,202,8688952.0:3743151.0:7412936.0:3323333.0:8250115.0:8463783.0:8688868.0:1604588.0:7412922.0:8426291.0:2691688.0,69,Ud Ab Es,field,GA Sm Sh Gg Va,Geelong,18-10-2022,night match,Ud Ab Es tr of Aa,2022/23,3961,1.7142857142857142,2.463414634146341,160.53333333333333,0,135
9128748,Ci Sr Ks,30414,7422673.0:2653993.0:62432.0:249087.0:232000.0:196580.0:5001170.0:360086.0:8118067.0:7968225.0:7879829.0,Mi Is,30435,5043310.0:238727.0:5788320.0:8191868.0:4171859.0:8227974.0:6249256.0:7556303.0:4377694.0:6732004.0:8118914.0,30435,Mi Is,field,We Sm Mi,Mumbai,12-05-2022,night match,In Pr Le,2022,5004,1.9,1.4878048780487805,171,66.67,164.9
9433297,Mx,8700,4421689.0:7752989.0:1941743.0:4489722.0:4005406.0:7806378.0:7671166.0:7672874.0:3590362.0:7783901.0:6341530.0,Ge,7608,3220566.0:6988596.0:8072945.0:2437091.0:2083227.0:4898074.0:5229230.0:4460070.0:3578742.0:1707628.0:2538983.0,7608,Ge,field,Cy Gd Bl,Bristol,04-06-2023,day match,Vy Bt,2023,1245,2,0.024390244,165.4,0,161.95833333333334
9272479,Me Ss,33949,7960994.0:4003390.0:5469092.0:2669316.0:3737103.0:3901078.0:9070907.0:4012203.0:6308098.0:1945397.0:2656541.0,Sy Ss,33956,3535783.0:7869987.0:2076192.0:41740.0:3063696.0:34061.0:8146998.0:2790675.0:1506077.0:49496.0:7535324.0,33956,Sy Ss,field,Sy Ct Gd,Sydney,26-12-2022,night match,Bg Bh Le,2022/23,937,0.6428571428571429,1.975609756097561,172.2,0,150.95833333333334
9097031,Gy,258,6640178.0:8095429.0:2477306.0:3759349.0:4174925.0:9111220.0:2373678.0:8982252.0:7713110.0:8903831.0:8287502.0,Id,216,2124002.0:2123974.0:7695666.0:6729862.0:6496412.0:2436251.0:7036812.0:2921680.0:3685100.0:2550414.0:6496482.0,216,Id,field,Al At Ct Gd On Ct My Tf 1,Al Amarat,21-02-2022,day match,Id tr of On,2021/22,23736,0.1111111111111111,0.016393443,191,0,148.75
9516436,Rl Cs Be,30393,1776627.0:313809.0:2275195.0:210328.0:5972868.0:8117990.0:2157770.0:1858961.0:2733380.0:6586824.0:212029.0:7861524.0,Lw Sr Gs,48334,2436405.0:2954769.0:3479860.0:3299407.0:2275097.0:4230127.0:8058903.0:2733401.0:2461129.0:8228100.0:4859490.0:217762.0,48334,Lw Sr Gs,field,M Cy Sm Bu,Bengaluru,10-04-2023,night match,In Pr Le,2023,4794,0.9333333333333332,1.4878048780487805,174.93333333333334,100,171.5
9225362,Ia,55,5043310.0:4497646.0:3479860.0:2981614.0:4377610.0:210328.0:3882850.0:3914658.0:4859490.0:8228100.0:7881845.0,Wt Is,41,2740408.0:1613898.0:1742453.0:4690188.0:4230127.0:5742470.0:4739580.0:6347256.0:5744850.0:3102854.0:6347494.0,55,Ia,bat,Cl Bd Rl Pk Sm Tf Gd Ll,Lauderhill,07-08-2022,day match,Wt Is tr of Ud Ss of Aa,2022,16848,2,1.4878048780487805,175.6,66.67,160.25
9388588,Cy,17653,2659243.0:4381747.0:4381705.0:3682160.0:8706179.0:3834361.0:6739830.0:7907661.0:8414699.0:1495731.0:8482788.0,Nn Ds,17982,7907451.0:4381761.0:1945411.0:3913426.0:3519011.0:4949790.0:3834305.0:3776849.0:8354849.0:1636004.0:3566240.0,17982,Cy,bat,Hy Ol Ch,Christchurch,11-02-2023,day/night match,Sr Sh,2022/23,664,1.3333333333333333,1.975609756097561,163.66666666666666,40,152.8
9051153,Id Ud,40578,6818622.0:1749075.0:5757408.0:6460614.0:1482998.0:7960847.0:3459623.0:4767832.0:4769148.0:3734940.0:8749180.0,Ki Ks,40564,1594347.0:2437021.0:4003390.0:4534508.0:8298338.0:181404.0:1594319.0:5367676.0:2022957.0:3003867.0:3896801.0,40578,Ki Ks,field,Gi Sm Le,Lahore,14-02-2022,night match,Pn Sr Le,2021/22,3828,0.5,1,171.86666666666667,100,164
9225369,Nw Zd,48,1585457.0:2653993.0:1945355.0:5764576.0:2672214.0:2486896.0:3519011.0:3913475.0:1626561.0:3456424.0:1945397.0,Wt Is,41,2436405.0:1613898.0:4230127.0:1742453.0:4690188.0:2740408.0:5742470.0:4739552.0:5744850.0:3102854.0:6347494.0,48,Wt Is,field,Sa Pk Kn Ja,Kingston,10-08-2022,day match,Nw Zd tr of Wt Is,2022,1413,1.4,2.463414634146341,162.73333333333332,0,
9377311,Pn,62,2263736.0:2437021.0:3585350.0:8127230.0:6460614.0:3364234.0:1594319.0:4767832.0:7507303.0:8131255.0:8907338.0,Nw Zd,48,2721627.0:2659243.0:3834256.0:2672214.0:3069954.0:2486896.0:6718382.0:3156033.0:3913475.0:3546297.0:7878765.0,62,Pn,bat,Gi Sm Le,Lahore,14-04-2023,night match,Nw Zd tr of Pn,2023,3828,1.3888888888888888,1.975609756097561,154.13333333333333,75,162.5
9516478,Lw Sr Gs,48334,2954769.0:2436405.0:3479860.0:3299407.0:4230127.0:2275097.0:8058903.0:2970652.0:8442377.0:8228100.0:4859490.0:2461129.0,Pb Ks,30407,7881719.0:8127181.0:4239038.0:2385991.0:2097017.0:4640824.0:5053082.0:5038046.0:8180500.0:3851518.0:7881845.0:7453697.0,30407,Pb Ks,field,Bt Ra Si Al Bi Ve Ea Ct Sm Lw,Lucknow,15-04-2023,night match,In Pr Le,2023,23498,2.6,0.6721311475409836,184.7692307692308,0,148.11111111111111
9084592,Mx,8700,4421689.0:4489722.0:7752989.0:172199.0:4489708.0:150093.0:5509524.0:7672874.0:2593758.0:6341530.0:7783901.0,Ge,7608,3220566.0:5229230.0:2082499.0:5764576.0:4005406.0:2083227.0:1482249.0:1707628.0:2538983.0:2436776.0:8106629.0,8700,Ge,field,Rt Ct Cb Rt,Radlett,26-05-2022,day match,Vy Bt,2022,14825,1.6666666666666667,1.9523809523809523,175.92307692307693,0,184.83333333333331
9457524,Ca Vs,40298,2263736.0:3758565.0:1965151.0:2331475.0:3850944.0:5017144.0:5771800.0:3850972.0:6528668.0:6931168.0:8106629.0,Da Ds,40452,2308928.0:3056752.0:4980926.0:1884672.0:2104339.0:1890958.0:1885337.0:2815728.0:3769555.0:3580737.0:393889.0,40298,Da Ds,field,Se Ba Nl Sm Mr,Dhaka,23-01-2023,night match,Bh Pr Le,2022/23,14188,2.6,2.9047619047619047,161.5,50,149.13333333333333
9027374,Oo,18360,2319638.0:7623692.0:256080.0:3913447.0:7918280.0:2690498.0:8484468.0:7907444.0:7907661.0:3834375.0:4195827.0,Wn,18570,6718326.0:9036516.0:2288789.0:8187878.0:2486896.0:6718410.0:7907437.0:4950224.0:3083667.0:4950294.0:1585464.0,18570,Oo,bat,Bn Re Wn,Wellington,06-01-2022,day/night match,Sr Sh,2021/22,825,1.3333333333333333,0.5121951219512195,167.07142857142858,0,155.625
9256358,Nw Zd,48,6718326.0:2653993.0:1945355.0:5764576.0:3069954.0:2486896.0:2288789.0:3913475.0:1626561.0:1945397.0:5984376.0,Pn,62,2263736.0:2437021.0:1637320.0:6460614.0:2437049.0:8180570.0:3364234.0:3459623.0:8298779.0:8131255.0:8427978.0,62,Nw Zd,bat,Hy Ol Ch,Christchurch,08-10-2022,night match,Pn tr of Nw Zd,2022/23,664,0.8,1.6557377049180328,162.73333333333332,0,157.95833333333334
9272577,Ph Ss,33935,1762060.0:313809.0:3507090.0:4635658.0:3501889.0:5459516.0:5419574.0:4472397.0:3216569.0:1907352.0:8339701.0,Sy Tr,33963,7572123.0:1749075.0:2231928.0:7534652.0:2335381.0:1612610.0:9070970.0:5497274.0:5509524.0:6521234.0:2437077.0,33963,Ph Ss,bat,Ph Sm,Perth,04-01-2023,night match,Bg Bh Le,2022/23,23841,0.8461538461538461,1.975609756097561,173.53333333333333,50,142.60714285714286
9516548,Pb Ks,30407,4239038.0:8127181.0:7881719.0:2827327.0:2385991.0:4640824.0:5053082.0:5038046.0:8180500.0:7881845.0:7453697.0:5788418.0,Mi Is,30435,238727.0:5043310.0:7537004.0:3125562.0:6249256.0:8191868.0:8058924.0:4688998.0:8041445.0:8227974.0:230775.0:1907352.0,30407,Mi Is,field,We Sm Mi,Mumbai,22-04-2023,night match,In Pr Le,2023,5004,0.2,1,166.46666666666667,50,169.3
9352230,Bh,188,4403454.0:2614779.0:3758565.0:6551978.0:4403426.0:3850944.0:2875368.0:2436356.0:4403503.0:2316327.0:6930286.0,Ud Ab Es,202,8688952.0:3743151.0:7412936.0:8250115.0:3323333.0:8463783.0:8688868.0:8375513.0:7412922.0:8426291.0:9299079.0,188,Ud Ab Es,field,Di Il Ct Sm,Dubai,25-09-2022,day match,Bh tr of Ud Ab Es,2022,17086,0.2857142857142857,0.3442622950819672,138.73333333333332,0,144.93333333333334
9433766,St,9701,6139370.0:7694581.0:3294444.0:3239102.0:6320362.0:5288226.0:8211328.0:3252395.0:2850868.0:3546297.0:3913475.0,Sy,9876,6282856.0:1798705.0:1613919.0:4640824.0:7672657.0:2790675.0:3573723.0:3851658.0:2022957.0:7276380.0:8853438.0,9701,Sy,field,Kn Ol Ln,London,30-06-2023,day/night match,Vy Bt,2023,328,0.6428571428571429,0.7530864197530864,167.06666666666666,40,149.83333333333334
9128720,Ci Sr Ks,30414,7422673.0:2653993.0:5001170.0:232000.0:196580.0:62432.0:249087.0:360086.0:8118067.0:7968225.0:7879829.0,Di Cs,30421,1539236.0:3706065.0:1907163.0:6521080.0:5742470.0:8410653.0:3882850.0:3326980.0:3914658.0:3373866.0:6598528.0,30414,Di Cs,field,Dr DY Pl Ss Ay Mi,Navi Mumbai,08-05-2022,night match,In Pr Le,2022,16540,1.0555555555555556,1,171,33.33,160.0909090909091
9388581,Nn Ds,17982,7907451.0:4381761.0:3834305.0:1945411.0:3519011.0:3913426.0:4949790.0:3776849.0:8354849.0:1636004.0:3566240.0,Oo,18360,6317142.0:8444855.0:4172706.0:7918280.0:4950252.0:7907444.0:7907479.0:2666705.0:4359417.0:3834375.0:4195827.0,17982,Oo,field,Uy Ol Dn,Dunedin,09-02-2023,day match,Sr Sh,2022/23,5396,1.3333333333333333,0.6721311475409836,149.46666666666667,50,180.83333333333331
9051027,Le Qs,40606,3585350.0:6460600.0:4365465.0:290051.0:2720759.0:1547993.0:5554254.0:130437.0:7507303.0:8131255.0:8907338.0,Mn Ss,44904,1637320.0:2263736.0:302875.0:2231928.0:6249256.0:5017144.0:2157770.0:284339.0:8986193.0:2214554.0:8427978.0,44904,Mn Ss,field,Nl Sm Ki,Karachi,29-01-2022,day/night match,Pn Sr Le,2021/22,3422,0.25,0.2592592592592592,162.9,0,174.9
8950829,Ia,55,7422673.0:5043310.0:4497646.0:6521080.0:4377610.0:3882850.0:210328.0:2733380.0:2282125.0:4859490.0:3011735.0,Sh Aa,34,2604825.0:1884973.0:2294823.0:2364543.0:3057312.0:2252452.0:1858961.0:3851518.0:1874081.0:3373866.0:2654028.0,34,Sh Aa,field,Bi Sm Ck,Cuttack,12-06-2022,night match,Sh Aa tr of Ia,2022,3107,1.6363636363636365,0.801980198,153.66666666666666,0,
9457587,Fe Bl,47529,2662491.0:5752256.0:393014.0:6450576.0:3364234.0:392188.0:3763304.0:5554282.0:8298779.0:6493346.0:2666831.0,Da Ds,40452,3056752.0:1884672.0:8939062.0:2104339.0:1707621.0:1890958.0:4980926.0:1885337.0:5471948.0:6930286.0:2815728.0,40452,Fe Bl,bat,St Il Ct Sm,Sylhet,31-01-2023,day/night match,Bh Pr Le,2022/23,10961,1.5714285714285714,2.9047619047619047,165.64285714285714,0,157.5
9503871,Ud Ab Es,202,8250115.0:8688952.0:3323333.0:8463783.0:2154669.0:8688868.0:8375513.0:8397703.0:8426291.0:2691688.0:9471244.0,An,293,5554212.0:6818622.0:6450576.0:2942827.0:5554282.0:3668356.0:5554254.0:5736016.0:6818776.0:5554142.0:6819238.0,293,An,field,Zd Ct Sm Au Di,Abu Dhabi,16-02-2023,day match,An tr of Ud Ab Es,2022/23,13768,0.8,41,163.58333333333334,0,136.56666666666666
9484509,Mn Ss,44904,1637320.0:2263736.0:2231928.0:2252452.0:1613926.0:5017144.0:3200756.0:4533682.0:8109779.0:6460642.0:8986193.0,Pr Zi,40550,8438926.0:2437021.0:8127230.0:3294444.0:5742470.0:2398346.0:2486896.0:305143.0:4769470.0:9307892.0:5471948.0,44904,Pr Zi,field,Mn Ct Sm,Multan,17-02-2023,night match,Pn Sr Le,2022/23,11192,1.4,1,170.8,75,142.5
9262203,St La Ks,36112,313809.0:5940374.0:3008291.0:3681957.0:1547993.0:7459647.0:2742837.0:8925405.0:4690230.0:8464343.0:7550892.0,Ga An Ws,36084,6818622.0:3715690.0:4069666.0:393014.0:4690188.0:4739552.0:5744850.0:4739580.0:4690328.0:9266102.0:284339.0,36084,St La Ks,bat,Pe Sm Ga,Providence,22-09-2022,night match,Cn Pr Le,2022,13915,1,2.9047619047619047,172.06666666666666,33.33,145.75
9433409,Sx,9967,7753017.0:3622856.0:4215098.0:74087.0:6460614.0:8820503.0:5497274.0:8621143.0:3997727.0:3214812.0:8006676.0,Mx,8700,4421689.0:7752989.0:1941743.0:4489722.0:7671166.0:7672874.0:4489708.0:4005406.0:7806378.0:3590362.0:7783901.0,9967,Sx,bat,Ls Ln,London,08-06-2023,day/night match,Vy Bt,2023,83,0.4545454545454545,21,176.73333333333332,50,143.07142857142858
9084893,Le,8301,2319638.0:7209964.0:3643870.0:2658431.0:6003584.0:7651657.0:8845850.0:3218291.0:5528116.0:5554142.0:4492620.0,We,10576,5320118.0:3298427.0:62432.0:1626526.0:7773338.0:2922611.0:4051396.0:360086.0:8855594.0:7661996.0:6240632.0,8301,We,field,Cy Gd Nw Rd Wr,Worcester,05-06-2022,day match,Vy Bt,2022,1525,0.5625,2.9047619047619047,174.33333333333334,50,166.08333333333334
9084795,Le,8301,2319638.0:7209964.0:3643870.0:2658431.0:6003584.0:3218291.0:7651657.0:8845850.0:5554142.0:5528116.0:4492620.0,Bm Bs,10366,8364726.0:2124002.0:7681869.0:3612286.0:3681957.0:8044112.0:3200756.0:7184666.0:3245689.0:2855138.0:2170762.0,8301,Le,bat,En Bm,Birmingham,02-06-2022,day match,Vy Bt,2022,1161,1.125,0.7530864197530864,174.33333333333334,0,148.8
9433507,Sx,9967,6311612.0:7753017.0:8015734.0:74087.0:6460614.0:3622856.0:8820503.0:4504044.0:7811033.0:3214812.0:7005550.0,He,7727,4223883.0:2076192.0:8822729.0:5241564.0:2020332.0:1482998.0:3162487.0:1482249.0:2173688.0:5788418.0:8833075.0,9967,He,field,Cy Gd He,Brighton,16-06-2023,night match,Vy Bt,2023,797,0.1428571428571428,0.012345679,182.53333333333333,25,168.1153846153846
9330747,Mi,11591,7491189.0:8779896.0:8058959.0:4497688.0:5001170.0:7921262.0:7881733.0:8488094.0:5757884.0:7556933.0:8766372.0:1945698.0,Am,11220,8724967.0:6554372.0:7883385.0:7556051.0:9373104.0:3085809.0:3879231.0:7879822.0:9009153.0:7947393.0:6692174.0:3785802.0,11591,Am,field,Sa Ct An Sm Rt,Rajkot,14-10-2022,day match,Sd Mq Ai Ty,2022/23,16820,3.333333333333333,1.4878048780487805,158.33333333333334,0,153.83333333333334
9433353,He,7727,4223883.0:2076192.0:8822729.0:5241564.0:2020332.0:3935980.0:2173688.0:1482998.0:5788418.0:7732892.0:8833075.0,Mx,8700,4421689.0:7752989.0:1941743.0:4489722.0:4005406.0:7671166.0:7672874.0:7806378.0:4489708.0:3590362.0:7783901.0,7727,Mx,field,Rt Ct Cb Rt,Radlett,06-06-2023,day match,Vy Bt,2023,14825,0.9090909090909092,81,162.53333333333333,50,181.125
9330859,Rn,14629,7570688.0:2598063.0:6644448.0:5972868.0:9373230.0:2992408.0:7491329.0:7453697.0:8228100.0:3691106.0:6598528.0:8227995.0,Ud,45961,8201542.0:8168383.0:2337341.0:7851031.0:9378403.0:1626057.0:5442744.0:8228058.0:8442286.0:9373202.0:8500883.0:9373209.0,45961,Ud,field,Sa Ct An Sm Rt,Rajkot,16-10-2022,day match,Sd Mq Ai Ty,2022/23,16820,4,3.857142857142857,142.4,0,156.125
9954846,Rl Cs Bu,30393,1776627.0:313809.0:5765934.0:2275195.0:7537004.0:7861524.0:210328.0:212029.0:4690230.0:6596582.0:6586824.0:8118053.0,Ci Sr Ks,30414,7422673.0:6718382.0:1945425.0:2672214.0:5001170.0:1642738.0:8228436.0:196580.0:3130840.0:7968225.0:5757884.0:2316327.0,30414,Rl Cs Bu,bat,MA Cm Sm Ck Ci,Chennai,22-03-2024,night match,In Pr Le,2024,2050,1.3888888888888888,0.5061728395061729,185.66666666666663,20,157.93333333333334
9954853,Di Cs,30421,1539236.0:1907163.0:4069666.0:6521080.0:4497730.0:4171859.0:3882850.0:8118151.0:8942828.0:3914658.0:6598528.0:1657466.0,Pb Ks,30407,197658.0:2082044.0:8127181.0:4640824.0:5053082.0:2827327.0:2642751.0:8180500.0:2733380.0:3851518.0:7453697.0:7881845.0,30407,Pb Ks,field,Ma Ya Sh Il Ct Sm Mr,Mohali,23-03-2024,day/night match,In Pr Le,2024,25108,1,1,175.13333333333333,80,
9954860,Ka Kt Rs,30400,4685568.0:1613919.0:5959834.0:4497646.0:4231702.0:7556303.0:5061748.0:1934099.0:2181157.0:9188528.0:7758638.0:9455557.0,Ss Hd,36014,2789079.0:7491294.0:3127354.0:4203499.0:3057312.0:8228408.0:8117990.0:4874820.0:3429236.0:2282125.0:7570107.0:5618038.0,30400,Ss Hd,field,En Gs Ka,Kolkata,23-03-2024,night match,In Pr Le,2024,2057,1,2.9047619047619047,178.4,60,175.5
9954867,Rn Rs,30428,8058959.0:2162782.0:2981614.0:7556051.0:4690188.0:8228429.0:184960.0:3068547.0:3011735.0:4859490.0:1945397.0:6799456.0,Lw Sr Gs,48334,2654014.0:2954769.0:7833195.0:8058903.0:3479860.0:4230127.0:2275097.0:3299407.0:8228100.0:7924048.0:5554142.0:7491385.0,30428,Rn Rs,bat,Si Mh Sm Jr,Jaipur,24-03-2024,day/night match,In Pr Le,2024,4661,1.4285714285714286,1.4878048780487805,178.6,100,119.63333333333334
9954874,Gt Ts,48341,1958683.0:7491224.0:8059029.0:5736016.0:2252452.0:3339160.0:2966879.0:5554254.0:2632825.0:7341186.0:7866039.0:3759846.0,Mi Is,30435,5043310.0:238727.0:9009237.0:7494668.0:8191868.0:6249256.0:4377610.0:4172083.0:7921262.0:230775.0:4377694.0:4012203.0,48341,Mi Is,field,Na Mi Sm Ad,Ahmedabad,24-03-2024,night match,In Pr Le,2024,5893,1.8888888888888888,0.5061728395061729,178.26666666666668,0,168.03333333333333
9954881,Pb Ks,30407,197658.0:2082044.0:8127181.0:2827327.0:4640824.0:5053082.0:2642751.0:8180500.0:2733380.0:3851518.0:7453697.0:7881845.0,Rl Cs Bu,30393,1776627.0:313809.0:7537004.0:5765934.0:2275195.0:7861524.0:210328.0:5972868.0:4690230.0:6596582.0:6586824.0:8118053.0,30393,Rl Cs Bu,field,M Cy Sm Bu,Bengaluru,25-03-2024,night match,In Pr Le,2024,4794,0.3928571428571428,1,181.4,50,188.375
9954888,Ci Sr Ks,30414,7422673.0:6718382.0:1945425.0:5001170.0:2672214.0:8228436.0:1642738.0:196580.0:3130840.0:5757884.0:2316327.0:8363578.0,Gt Ts,48341,1958683.0:7491224.0:8059029.0:3339160.0:2252452.0:5736016.0:2966879.0:5554254.0:2632825.0:7866039.0:7341186.0:3759846.0,30414,Gt Ts,field,MA Cm Sm Ck Ci,Chennai,26-03-2024,night match,In Pr Le,2024,2050,0.9444444444444444,1.975609756097561,184.8,66.67,157.93333333333334
9954895,Ss Hd,36014,2789079.0:3710090.0:7491294.0:4203499.0:3057312.0:8228408.0:8117990.0:3429236.0:2282125.0:7570107.0:2733401.0:8725709.0,Mi Is,30435,238727.0:5043310.0:9009237.0:8191868.0:4377610.0:6249256.0:4739552.0:4172083.0:4377694.0:230775.0:7921262.0:9060407.0,36014,Mi Is,field,Rv Gi Il Sm Ul Hd,Hyderabad,27-03-2024,night match,In Pr Le,2024,13880,1.5555555555555556,0.2592592592592592,189.13333333333333,0,181.625
9954902,Rn Rs,30428,8058959.0:2162782.0:2981614.0:7556051.0:184960.0:8228429.0:4690188.0:1945397.0:4859490.0:3068547.0:3011735.0:6799456.0,Di Cs,30421,1539236.0:1907163.0:4497730.0:6521080.0:4171859.0:8942828.0:3882850.0:8118151.0:3914658.0:3373866.0:6487970.0:6598528.0,30428,Di Cs,field,Si Mh Sm Jr,Jaipur,28-03-2024,night match,In Pr Le,2024,4661,1.5384615384615383,1.4878048780487805,178.6,75,119.63333333333334
9954909,Rl Cs Bu,30393,1776627.0:313809.0:7537004.0:2275195.0:5765934.0:7861524.0:210328.0:4690230.0:6596582.0:6586824.0:8118053.0:5444718.0,Ka Kt Rs,30400,4685568.0:1613919.0:5959834.0:4497646.0:5061748.0:1934099.0:7556303.0:2181157.0:7558886.0:9188528.0:9047478.0:7758638.0,30400,Ka Kt Rs,field,M Cy Sm Bu,Bengaluru,29-03-2024,night match,In Pr Le,2024,4794,1.9230769230769231,0.6721311475409836,185.66666666666663,40,188.375
9954916,Lw Sr Gs,48334,2654014.0:2954769.0:7833195.0:2275097.0:4230127.0:8058903.0:3299407.0:8228100.0:7924048.0:5554142.0:9047954.0:8059015.0,Pb Ks,30407,197658.0:2082044.0:8127181.0:5053082.0:2827327.0:4640824.0:2642751.0:8180500.0:2733380.0:3851518.0:7453697.0:7881845.0,48334,Lw Sr Gs,bat,Bt Ra Si Al Bi Ve Ea Ct Sm Lw,Lucknow,30-03-2024,night match,In Pr Le,2024,23498,1.0833333333333333,1,187.53333333333333,100,146.33333333333334
9954923,Ss Hd,36014,3710090.0:2789079.0:7491294.0:4203499.0:3057312.0:8117990.0:8228408.0:5038018.0:3429236.0:2282125.0:7570107.0:2733401.0,Gt Ts,48341,1958683.0:7491224.0:8059029.0:2252452.0:3339160.0:5736016.0:2966879.0:5554254.0:2632825.0:8277716.0:7783432.0:3759846.0,48341,Ss Hd,bat,Na Mi Sm Ad,Ahmedabad,31-03-2024,day/night match,In Pr Le,2024,5893,0.8333333333333334,0.5121951219512195,189.13333333333333,50,168.03333333333333
9954930,Di Cs,30421,7491189.0:1539236.0:6521080.0:1907163.0:4171859.0:3882850.0:8942828.0:3373866.0:6487970.0:1657466.0:6598528.0:8130436.0,Ci Sr Ks,30414,7422673.0:6718382.0:1945425.0:2672214.0:5001170.0:8228436.0:1642738.0:196580.0:3130840.0:5757884.0:2316327.0:8363578.0,30421,Di Cs,bat,Dr YS Ra Ry AA VA Ct Sm Vm,Visakhapatnam,31-03-2024,night match,In Pr Le,2024,13285,0.6111111111111112,0.5061728395061729,175.13333333333333,40,181.75
9954937,Mi Is,30435,5043310.0:238727.0:9009237.0:7494668.0:8191868.0:4377610.0:230775.0:6249256.0:4172083.0:4377694.0:8442286.0:9060407.0,Rn Rs,30428,8058959.0:2162782.0:2981614.0:7556051.0:184960.0:8768108.0:8228429.0:4690188.0:1945397.0:4859490.0:6799456.0:3011735.0,30428,Rn Rs,field,We Sm Mi,Mumbai,01-04-2024,night match,In Pr Le,2024,5004,0.3809523809523809,1.3278688524590163,179.26666666666668,100,172.33333333333334
9954944,Lw Sr Gs,48334,2654014.0:2954769.0:7833195.0:2275097.0:4230127.0:8058903.0:3299407.0:8228100.0:7491385.0:5554142.0:9047954.0:8059015.0,Rl Cs Bu,30393,1776627.0:313809.0:5765934.0:2275195.0:7537004.0:7861524.0:5972868.0:210328.0:6596582.0:3231437.0:6586824.0:8118053.0,48334,Rl Cs Bu,field,M Cy Sm Bu,Bengaluru,02-04-2024,night match,In Pr Le,2024,4794,0.4642857142857143,1,187.53333333333333,0,188.375
9954951,Ka Kt Rs,30400,4685568.0:1613919.0:9047478.0:1934099.0:4497646.0:5061748.0:5959834.0:7556303.0:2181157.0:9188528.0:7758638.0:8465057.0,Di Cs,30421,1539236.0:7491189.0:1907163.0:8942828.0:6521080.0:4171859.0:3882850.0:8118151.0:8130436.0:3373866.0:1657466.0:6598528.0,30400,Ka Kt Rs,bat,Dr YS Ra Ry AA VA Ct Sm Vm,Visakhapatnam,03-04-2024,night match,In Pr Le,2024,13285,1,1.4878048780487805,178.4,40,181.75
9954958,Gt Ts,48341,1958683.0:7491224.0:1945355.0:8059029.0:3339160.0:2966879.0:5736016.0:5554254.0:8277716.0:2632825.0:7783432.0:3759846.0,Pb Ks,30407,197658.0:2082044.0:8127181.0:4640824.0:2097017.0:2642751.0:5053082.0:7923859.0:8180500.0:2733380.0:3851518.0:7881845.0,30407,Pb Ks,field,Na Mi Sm Ad,Ahmedabad,04-04-2024,night match,In Pr Le,2024,5893,1.5384615384615383,1,178.26666666666668,100,168.03333333333333
9954965,Ci Sr Ks,30414,6718382.0:7422673.0:1945425.0:5001170.0:1642738.0:2672214.0:196580.0:62432.0:3130840.0:5757884.0:7968225.0:7879829.0,Ss Hd,36014,3710090.0:7491294.0:4203499.0:8117990.0:3057312.0:8228485.0:8228408.0:3429236.0:2282125.0:7570107.0:2733401.0:5618038.0,36014,Ss Hd,field,Rv Gi Il Sm Ul Hd,Hyderabad,05-04-2024,night match,In Pr Le,2024,13880,1.2857142857142858,3.857142857142857,184.8,75,181.625
9954972,Rl Cs Bu,30393,1776627.0:313809.0:2275195.0:9011596.0:7537004.0:5765934.0:210328.0:3231437.0:6596582.0:6586824.0:8118053.0:9455340.0,Rn Rs,30428,8058959.0:2162782.0:2981614.0:7556051.0:8228429.0:4690188.0:184960.0:1945397.0:4859490.0:6799456.0:8768108.0:3011735.0,30428,Rn Rs,field,Si Mh Sm Jr,Jaipur,06-04-2024,night match,In Pr Le,2024,4661,1.1428571428571428,0.6721311475409836,185.66666666666663,75,119.63333333333334
9954986,Lw Sr Gs,48334,2654014.0:2954769.0:7833195.0:2275097.0:4230127.0:8058903.0:3299407.0:8228100.0:5554142.0:7491385.0:9047954.0:8059015.0,Gt Ts,48341,8059029.0:7491224.0:1945355.0:6420630.0:3339160.0:7783432.0:2966879.0:5554254.0:2632825.0:7866039.0:8277716.0:3759846.0,48334,Lw Sr Gs,bat,Bt Ra Si Al Bi Ve Ea Ct Sm Lw,Lucknow,07-04-2024,night match,In Pr Le,2024,23498,0.6842105263157895,1,187.53333333333333,0,146.33333333333334
9954979,Mi Is,30435,238727.0:5043310.0:3125562.0:4377610.0:8191868.0:6249256.0:4739552.0:181404.0:4172083.0:230775.0:4377694.0:8442286.0,Di Cs,30421,7491189.0:1539236.0:8942828.0:4171859.0:6521080.0:3882850.0:6511336.0:8451078.0:5419574.0:3373866.0:1657466.0:6598528.0,30435,Di Cs,field,We Sm Mi,Mumbai,07-04-2024,day/night match,In Pr Le,2024,5004,2.125,1.975609756097561,179.26666666666668,0,172.33333333333334
9983833,Ka Kt Rs,30400,4685568.0:1613919.0:9047478.0:4497646.0:5959834.0:7556303.0:5061748.0:1934099.0:7558886.0:2181157.0:8465057.0:7758638.0,Ci Sr Ks,30414,6718382.0:7422673.0:2672214.0:5001170.0:196580.0:1945425.0:8228436.0:1642738.0:3326980.0:5757884.0:7968225.0:2316327.0,30414,Ci Sr Ks,field,MA Cm Sm Ck Ci,Chennai,08-04-2024,night match,In Pr Le,2024,2050,0.631578947,0.7530864197530864,178.4,40,157.93333333333334
9983840,Ss Hd,36014,3710090.0:7491294.0:4203499.0:8228485.0:3127354.0:3057312.0:8228408.0:8117990.0:3429236.0:2282125.0:2733401.0:5618038.0,Pb Ks,30407,197658.0:2082044.0:8127181.0:4640824.0:2097017.0:2642751.0:5053082.0:7923859.0:8180500.0:2733380.0:3851518.0:7881845.0,36014,Pb Ks,field,Ma Ya Sh Il Ct Sm Mr,Mohali,09-04-2024,night match,In Pr Le,2024,25108,1.0769230769230769,0.5121951219512195,189.13333333333333,50,
9983847,Rn Rs,30428,8058959.0:2162782.0:2981614.0:7556051.0:4690188.0:8228429.0:184960.0:1945397.0:4859490.0:8145878.0:3011735.0:1874081.0,Gt Ts,48341,8059029.0:7491224.0:1611364.0:5452754.0:3339160.0:2966879.0:5038046.0:5554254.0:8277716.0:2632825.0:7866039.0:3759846.0,48341,Gt Ts,field,Si Mh Sm Jr,Jaipur,10-04-2024,night match,In Pr Le,2024,4661,1.1111111111111112,1.4878048780487805,178.6,25,119.63333333333334
9983854,Rl Cs Bu,30393,1776627.0:313809.0:6282856.0:5765934.0:2275195.0:210328.0:5972868.0:9011596.0:5444718.0:8238726.0:3231437.0:6586824.0,Mi Is,30435,5043310.0:238727.0:3125562.0:4377610.0:8191868.0:6249256.0:181404.0:4739552.0:2412073.0:4377694.0:4172083.0:8442286.0,30435,Mi Is,field,We Sm Mi,Mumbai,11-04-2024,night match,In Pr Le,2024,5004,1.4444444444444444,0.5061728395061729,185.66666666666663,80,172.33333333333334
9983861,Lw Sr Gs,48334,2654014.0:2954769.0:7833195.0:2275097.0:4230127.0:3479860.0:8058903.0:3299407.0:8713270.0:8228100.0:5554142.0:7491385.0,Di Cs,30421,7491189.0:1539236.0:8176356.0:6521080.0:4171859.0:4069666.0:3882850.0:3914658.0:6487970.0:1657466.0:8942828.0:6598528.0,30421,Lw Sr Gs,bat,Bt Ra Si Al Bi Ve Ea Ct Sm Lw,Lucknow,12-04-2024,night match,In Pr Le,2024,23498,1.181818181818182,1,187.53333333333333,100,146.33333333333334
9983868,Pb Ks,30407,7881719.0:2082044.0:8127181.0:4640824.0:5053082.0:2642751.0:2827327.0:7923859.0:8180500.0:2733380.0:3851518.0:7881845.0,Rn Rs,30428,8058959.0:7881733.0:2981614.0:7556051.0:8228429.0:4690188.0:5742470.0:1874081.0:1945397.0:4859490.0:3011735.0:8145878.0,30428,Rn Rs,field,Ma Ya Sh Il Ct Sm Mr,Mohali,13-04-2024,night match,In Pr Le,2024,25108,0.4444444444444444,0.6721311475409836,181.4,40,
9983875,Lw Sr Gs,48334,2654014.0:2954769.0:3479860.0:8058903.0:2275097.0:4230127.0:3299407.0:8713270.0:7924048.0:8228100.0:9498810.0:7491385.0,Ka Kt Rs,30400,4685568.0:1613919.0:9047478.0:4497646.0:5959834.0:1934099.0:7556303.0:2181157.0:8465057.0:9188528.0:5061748.0:7758638.0,30400,Ka Kt Rs,field,En Gs Ka,Kolkata,14-04-2024,day/night match,In Pr Le,2024,2057,0.8461538461538461,0.6721311475409836,187.53333333333333,100,175.5
9983882,Ci Sr Ks,30414,1945425.0:6718382.0:7422673.0:5001170.0:2672214.0:196580.0:1642738.0:8228436.0:3326980.0:5757884.0:2316327.0:8363578.0,Mi Is,30435,238727.0:5043310.0:3125562.0:8191868.0:4377610.0:6249256.0:4739552.0:181404.0:2412073.0:4377694.0:4172083.0:8442286.0,30414,Mi Is,field,We Sm Mi,Mumbai,14-04-2024,night match,In Pr Le,2024,5004,1,1,184.8,75,172.33333333333334
9983889,Ss Hd,36014,7491294.0:3710090.0:3057312.0:4203499.0:8228408.0:8117990.0:3429236.0:2282125.0:2733401.0:5618038.0:8228485.0:7570107.0,Rl Cs Bu,30393,1776627.0:313809.0:6282856.0:5765934.0:9011596.0:210328.0:5972868.0:7861524.0:5444718.0:3231437.0:3456424.0:8118053.0,36014,Rl Cs Bu,field,M Cy Sm Bu,Bengaluru,15-04-2024,night match,In Pr Le,2024,4794,0.4814814814814814,0.5121951219512195,189.13333333333333,25,188.375
9983896,Ka Kt Rs,30400,4685568.0:1613919.0:9047478.0:4497646.0:1934099.0:5061748.0:5959834.0:7556303.0:2181157.0:7758638.0:9188528.0:8465057.0,Rn Rs,30428,8058959.0:2162782.0:2981614.0:7556051.0:8228429.0:184960.0:4690188.0:5742470.0:1945397.0:4859490.0:3011735.0:8145878.0,30428,Rn Rs,field,En Gs Ka,Kolkata,16-04-2024,night match,In Pr Le,2024,2057,0.5454545454545454,1,178.4,40,175.5
9983903,Gt Ts,48341,1958683.0:7491224.0:8059029.0:2252452.0:5452754.0:2966879.0:5038046.0:5554254.0:3759846.0:8277716.0:7866039.0:4149158.0,Di Cs,30421,7491189.0:8176356.0:8942828.0:4069666.0:6521080.0:8118151.0:4171859.0:3882850.0:3914658.0:1657466.0:6487970.0:6598528.0,30421,Di Cs,field,Na Mi Sm Ad,Ahmedabad,17-04-2024,night match,In Pr Le,2024,5893,1.75,1,178.26666666666668,66.67,168.03333333333333
9983910,Mi Is,30435,5043310.0:238727.0:3125562.0:8191868.0:4377610.0:6249256.0:4739552.0:181404.0:4172083.0:2412073.0:4377694.0:8442286.0,Pb Ks,30407,4640824.0:8127181.0:2231928.0:2827327.0:2385991.0:2642751.0:5053082.0:7923859.0:8180500.0:2733380.0:3851518.0:7881845.0,30435,Pb Ks,field,Ma Ya Sh Il Ct Sm Mr,Mohali,18-04-2024,night match,In Pr Le,2024,25108,4.25,1.975609756097561,179.26666666666668,50,
9983917,Ci Sr Ks,30414,1945425.0:6718382.0:7422673.0:1642738.0:5001170.0:8228436.0:62432.0:196580.0:3130840.0:5757884.0:2316327.0:8363578.0,Lw Sr Gs,48334,2654014.0:2954769.0:4230127.0:2275097.0:3479860.0:8058903.0:3299407.0:3546297.0:8228100.0:7924048.0:7491385.0,48334,Lw Sr Gs,field,Bt Ra Si Al Bi Ve Ea Ct Sm Lw,Lucknow,19-04-2024,night match,In Pr Le,2024,23498,1.1666666666666667,1.975609756097561,184.8,50,146.33333333333334
9983924,Ss Hd,36014,3710090.0:7491294.0:4203499.0:3057312.0:8228485.0:8117990.0:8228408.0:3429236.0:5038018.0:2282125.0:5618038.0:7570107.0,Di Cs,30421,7491189.0:1539236.0:8176356.0:8942828.0:4171859.0:6521080.0:6511336.0:3882850.0:3373866.0:3914658.0:6487970.0:6598528.0,36014,Di Cs,field,An Jy Sm Di,Delhi,20-04-2024,night match,In Pr Le,2024,2344,1.181818181818182,0.5121951219512195,189.13333333333333,33.33,160.8
9983938,Pb Ks,30407,4640824.0:8127181.0:2231928.0:5053082.0:2827327.0:2642751.0:7923859.0:2385991.0:8180500.0:2733380.0:3851518.0:7881845.0,Gt Ts,48341,1958683.0:7491224.0:8059029.0:2252452.0:5736016.0:2966879.0:5038046.0:5554254.0:7341186.0:8277716.0:3759846.0:4149158.0,48341,Pb Ks,bat,Ma Ya Sh Il Ct Sm Mr,Mohali,21-04-2024,night match,In Pr Le,2024,25108,0.2307692307692307,1,181.4,0,
9983931,Ka Kt Rs,30400,4685568.0:1613919.0:9047478.0:5959834.0:4497646.0:5061748.0:1934099.0:7556303.0:2181157.0:7758638.0:9188528.0:9455557.0,Rl Cs Bu,30393,1776627.0:313809.0:6282856.0:5765934.0:7537004.0:7586970.0:5972868.0:210328.0:212029.0:6586824.0:3456424.0:8118053.0,30400,Rl Cs Bu,field,En Gs Ka,Kolkata,21-04-2024,day/night match,In Pr Le,2024,2057,0.4137931034482758,1.4878048780487805,178.4,60,175.5
9983945,Mi Is,30435,238727.0:5043310.0:3125562.0:8191868.0:181404.0:8058924.0:4377610.0:6249256.0:4172083.0:230775.0:4377694.0:6686658.0,Rn Rs,30428,8058959.0:2162782.0:2981614.0:5742470.0:7556051.0:4690188.0:8228429.0:184960.0:1945397.0:4859490.0:3068547.0:3011735.0,30428,Mi Is,bat,Si Mh Sm Jr,Jaipur,22-04-2024,night match,In Pr Le,2024,4661,0.8636363636363636,1.3278688524590163,179.26666666666668,100,119.63333333333334
9983952,Ci Sr Ks,30414,1945425.0:7422673.0:2672214.0:1642738.0:5001170.0:196580.0:62432.0:3130840.0:5757884.0:2316327.0:8363578.0:3326980.0,Lw Sr Gs,48334,2654014.0:2954769.0:2275097.0:7833195.0:4230127.0:3479860.0:8058903.0:3299407.0:3546297.0:8228100.0:7924048.0:7491385.0,48334,Lw Sr Gs,field,MA Cm Sm Ck Ci,Chennai,23-04-2024,night match,In Pr Le,2024,2050,1.2142857142857142,1.975609756097561,184.8,50,157.93333333333334
9983959,Di Cs,30421,7491189.0:8176356.0:3882850.0:4069666.0:6521080.0:4171859.0:8942828.0:3914658.0:3373866.0:6598528.0:6487970.0:8130436.0,Gt Ts,48341,1958683.0:7491224.0:8059029.0:5736016.0:2252452.0:5038046.0:2966879.0:5554254.0:7341186.0:3759846.0:8277716.0:4149158.0,30421,Gt Ts,field,An Jy Sm Di,Delhi,24-04-2024,night match,In Pr Le,2024,2344,0.5384615384615384,1,175.13333333333333,33.33,160.8
9983966,Rl Cs Bu,30393,1776627.0:313809.0:6282856.0:5765934.0:7537004.0:5972868.0:210328.0:1626057.0:212029.0:3456424.0:8118053.0:6586824.0,Ss Hd,36014,7491294.0:3710090.0:4203499.0:8228485.0:3057312.0:8117990.0:8228408.0:3429236.0:2282125.0:2733401.0:7570107.0:5618038.0,30393,Rl Cs Bu,bat,Rv Gi Il Sm Ul Hd,Hyderabad,25-04-2024,night match,In Pr Le,2024,13880,2,1.9523809523809523,185.66666666666663,75,181.625
9983973,Ka Kt Rs,30400,4685568.0:1613919.0:5959834.0:1934099.0:4497646.0:5061748.0:7556303.0:9047478.0:7758638.0:9188528.0:3865077.0:7558886.0,Pb Ks,30407,8127181.0:2082044.0:2231928.0:2642751.0:4640824.0:5053082.0:7923859.0:8180500.0:2733380.0:3851518.0:7453697.0:7881845.0,30407,Pb Ks,field,En Gs Ka,Kolkata,26-04-2024,night match,In Pr Le,2024,2057,1.3333333333333333,1.4878048780487805,178.4,60,175.5
9983987,Lw Sr Gs,48334,2654014.0:2954769.0:2275097.0:3479860.0:4230127.0:8058903.0:3299407.0:3546297.0:8228100.0:7924048.0:7491385.0:217762.0,Rn Rs,30428,8058959.0:2162782.0:2981614.0:7556051.0:8228429.0:5742470.0:4690188.0:184960.0:1945397.0:4859490.0:3068547.0:3011735.0,30428,Rn Rs,field,Bt Ra Si Al Bi Ve Ea Ct Sm Lw,Lucknow,27-04-2024,night match,In Pr Le,2024,23498,0.5,0.6721311475409836,187.53333333333333,0,146.33333333333334
9983980,Di Cs,30421,8176356.0:8942828.0:4069666.0:6521080.0:4171859.0:3882850.0:8451078.0:3914658.0:2659222.0:6598528.0:6487970.0:8130436.0,Mi Is,30435,5043310.0:238727.0:3125562.0:8191868.0:4377610.0:8058924.0:6249256.0:181404.0:230775.0:4012203.0:4377694.0:6686658.0,30421,Mi Is,field,An Jy Sm Di,Delhi,27-04-2024,day/night match,In Pr Le,2024,2344,0.3,0.5061728395061729,175.13333333333333,100,160.8
9984001,Ci Sr Ks,30414,1945425.0:7422673.0:2672214.0:5001170.0:196580.0:62432.0:1642738.0:3130840.0:5757884.0:2316327.0:8363578.0:3326980.0,Ss Hd,36014,3710090.0:7491294.0:5958840.0:4203499.0:8228485.0:3057312.0:8228408.0:8117990.0:3429236.0:2282125.0:2733401.0:5618038.0,30414,Ss Hd,field,MA Cm Sm Ck Ci,Chennai,28-04-2024,night match,In Pr Le,2024,2050,0.9444444444444444,3.857142857142857,184.8,75,157.93333333333334
9983994,Gt Ts,48341,1958683.0:7491224.0:8059029.0:5038046.0:2252452.0:5736016.0:2966879.0:5554254.0:7341186.0:3759846.0:8277716.0:4149158.0,Rl Cs Bu,30393,1776627.0:313809.0:6282856.0:5765934.0:2275195.0:7537004.0:210328.0:212029.0:6586824.0:8118053.0:1626057.0,30393,Rl Cs Bu,field,Na Mi Sm Ad,Ahmedabad,28-04-2024,day/night match,In Pr Le,2024,5893,0.4285714285714285,1,178.26666666666668,66.67,168.03333333333333
9984008,Di Cs,30421,7491189.0:8176356.0:8942828.0:4069666.0:6521080.0:3882850.0:4171859.0:8451078.0:3914658.0:8130436.0:2659222.0:6598528.0,Ka Kt Rs,30400,4685568.0:1613919.0:5061748.0:4497646.0:5959834.0:1934099.0:7556303.0:2181157.0:8465057.0:9188528.0:9047478.0:7758638.0,30400,Di Cs,bat,En Gs Ka,Kolkata,29-04-2024,night match,In Pr Le,2024,2057,0.5384615384615384,0.6721311475409836,175.13333333333333,60,175.5
9984015,Mi Is,30435,5043310.0:238727.0:3125562.0:8191868.0:4377610.0:8058924.0:6249256.0:181404.0:4172083.0:230775.0:4377694.0:6686658.0,Lw Sr Gs,48334,2954769.0:9822084.0:2275097.0:3479860.0:4230127.0:3501889.0:8058903.0:3299407.0:8228100.0:5554142.0:7924048.0:9047954.0,48334,Lw Sr Gs,field,Bt Ra Si Al Bi Ve Ea Ct Sm Lw,Lucknow,30-04-2024,night match,In Pr Le,2024,23498,1.2666666666666666,1.975609756097561,179.26666666666668,25,146.33333333333334
9984022,Ci Sr Ks,30414,1945425.0:7422673.0:5001170.0:1642738.0:8228436.0:62432.0:196580.0:2672214.0:3130840.0:3326980.0:3312350.0:2316327.0,Pb Ks,30407,8127181.0:2082044.0:2231928.0:2642751.0:4640824.0:5053082.0:7923859.0:8180500.0:7453697.0:2733380.0:3851518.0:7881845.0,30407,Pb Ks,field,MA Cm Sm Ck Ci,Chennai,01-05-2024,night match,In Pr Le,2024,2050,1.8888888888888888,1.975609756097561,184.8,20,157.93333333333334
9984029,Ss Hd,36014,3710090.0:7491294.0:5958840.0:8228485.0:3057312.0:8228408.0:8117990.0:4874820.0:3429236.0:2282125.0:5618038.0:2733401.0,Rn Rs,30428,8058959.0:2162782.0:2981614.0:7556051.0:4690188.0:5742470.0:8228429.0:184960.0:1945397.0:4859490.0:3068547.0:3011735.0,36014,Ss Hd,bat,Rv Gi Il Sm Ul Hd,Hyderabad,02-05-2024,night match,In Pr Le,2024,13880,0.7727272727272727,0.3442622950819672,189.13333333333333,50,181.625
9984036,Ka Kt Rs,30400,4685568.0:1613919.0:9047478.0:4497646.0:5959834.0:5061748.0:2034423.0:1934099.0:7556303.0:2181157.0:8465057.0:7758638.0,Mi Is,30435,5043310.0:238727.0:9009237.0:3125562.0:8191868.0:8058924.0:4377610.0:6249256.0:4172083.0:230775.0:4377694.0:6686658.0,30400,Mi Is,field,We Sm Mi,Mumbai,03-05-2024,night match,In Pr Le,2024,5004,0.7777777777777778,0.7530864197530864,178.4,50,172.33333333333334
9984043,Gt Ts,48341,1958683.0:7491224.0:8059029.0:5038046.0:2252452.0:2966879.0:5554254.0:3339160.0:8227995.0:3759846.0:8277716.0:6496482.0,Rl Cs Bu,30393,1776627.0:313809.0:6282856.0:5765934.0:2275195.0:7537004.0:210328.0:1626057.0:212029.0:6586824.0:5444718.0:8118053.0,30393,Rl Cs Bu,field,M Cy Sm Bu,Bengaluru,04-05-2024,night match,In Pr Le,2024,4794,0.6071428571428571,1,178.26666666666668,66.67,188.375
9984057,Ka Kt Rs,30400,4685568.0:1613919.0:9047478.0:1934099.0:5061748.0:4497646.0:7556303.0:5959834.0:2181157.0:9188528.0:7758638.0:8465057.0,Lw Sr Gs,48334,2954769.0:9822084.0:2275097.0:3479860.0:4230127.0:8058903.0:3501889.0:3299407.0:8442377.0:8228100.0:5554142.0:7491385.0:7924048.0,30400,Lw Sr Gs,field,Bt Ra Si Al Bi Ve Ea Ct Sm Lw,Lucknow,05-05-2024,night match,In Pr Le,2024,23498,0.8,1.4878048780487805,178.4,0,146.33333333333334
9984050,Ci Sr Ks,30414,1945425.0:7422673.0:2672214.0:5001170.0:62432.0:1642738.0:3519011.0:3326980.0:196580.0:5757884.0:3312350.0:8118067.0,Pb Ks,30407,8127181.0:2082044.0:2231928.0:2642751.0:4640824.0:5053082.0:7923859.0:8180500.0:2733380.0:7453697.0:3851518.0:7881845.0,30414,Pb Ks,field,Hl Ph Ct An Sm Da,Dharamsala,05-05-2024,day/night match,In Pr Le,2024,13453,2,1.975609756097561,184.8,20,173.16666666666666
9984064,Ss Hd,36014,3710090.0:7491294.0:2789079.0:8228485.0:3057312.0:4874820.0:8117990.0:8228408.0:3429236.0:7925546.0:2282125.0:5618038.0,Mi Is,30435,5043310.0:238727.0:9009237.0:3125562.0:8191868.0:4377610.0:6249256.0:8228009.0:230775.0:4377694.0:6686658.0,30435,Mi Is,field,We Sm Mi,Mumbai,06-05-2024,night match,In Pr Le,2024,5004,0.8666666666666667,0.2592592592592592,189.13333333333333,0,172.33333333333334
9984071,Di Cs,30421,8176356.0:8942828.0:4069666.0:3882850.0:6521080.0:4171859.0:2464349.0:8130436.0:3914658.0:6487970.0:1657466.0:6598528.0,Rn Rs,30428,8058959.0:2162782.0:2981614.0:7556051.0:8768108.0:5742470.0:4888218.0:184960.0:1945397.0:4859490.0:3068547.0:3011735.0,30421,Rn Rs,field,An Jy Sm Di,Delhi,07-05-2024,night match,In Pr Le,2024,2344,0.3181818181818182,0.6721311475409836,175.13333333333333,25,160.8
9984078,Lw Sr Gs,48334,2954769.0:2654014.0:2275097.0:3299407.0:4230127.0:8058903.0:3479860.0:2970652.0:7491385.0:8228100.0:5554142.0,Ss Hd,36014,7491294.0:3710090.0:8228485.0:3057312.0:8228408.0:8117990.0:7925546.0:3429236.0:2282125.0:2733401.0:8072056.0:5618038.0,36014,Lw Sr Gs,bat,Rv Gi Il Sm Ul Hd,Hyderabad,08-05-2024,night match,In Pr Le,2024,13880,0.8461538461538461,1.9523809523809523,187.53333333333333,100,181.625
9984085,Rl Cs Bu,30393,1776627.0:313809.0:6282856.0:5765934.0:7537004.0:210328.0:5972868.0:1626057.0:212029.0:6586824.0:3456424.0:8118053.0,Pb Ks,30407,8127181.0:2082044.0:2231928.0:2642751.0:5053082.0:2827327.0:4640824.0:7923859.0:2733380.0:7453697.0:7881845.0:8086847.0,30393,Pb Ks,field,Hl Ph Ct An Sm Da,Dharamsala,09-05-2024,night match,In Pr Le,2024,13453,3.111111111111111,1,185.66666666666663,50,173.16666666666666
9984092,Gt Ts,48341,8059029.0:7491224.0:2252452.0:5038046.0:1611364.0:2966879.0:5554254.0:8277716.0:2632825.0:3759846.0:7860439.0:4149158.0,Ci Sr Ks,30414,1945425.0:6718382.0:7422673.0:2672214.0:62432.0:5001170.0:1642738.0:196580.0:3519011.0:3326980.0:8118067.0:5757884.0,48341,Ci Sr Ks,field,Na Mi Sm Ad,Ahmedabad,10-05-2024,night match,In Pr Le,2024,5893,0.5238095238095238,0.5061728395061729,178.26666666666668,33.33,168.03333333333333
9984099,Ka Kt Rs,30400,4685568.0:1613919.0:5959834.0:4497646.0:4231702.0:1934099.0:5061748.0:7556303.0:2181157.0:9188528.0:7758638.0:8465057.0,Mi Is,30435,5043310.0:238727.0:3125562.0:8191868.0:4377610.0:6249256.0:8058924.0:9009237.0:8228009.0:230775.0:4377694.0:6686658.0,30400,Mi Is,field,En Gs Ka,Kolkata,11-05-2024,night match,In Pr Le,2024,2057,0.8888888888888888,0.7530864197530864,178.4,50,175.5
9984106,Rn Rs,30428,8058959.0:2162782.0:2981614.0:7556051.0:8228429.0:8768108.0:184960.0:1945397.0:4859490.0:3068547.0:3011735.0:6799456.0,Ci Sr Ks,30414,6718382.0:7422673.0:2672214.0:62432.0:5001170.0:1642738.0:8228436.0:196580.0:3326980.0:5757884.0:8118067.0:7968225.0,30414,Rn Rs,bat,MA Cm Sm Ck Ci,Chennai,12-05-2024,day/night match,In Pr Le,2024,2050,1,0.7530864197530864,178.6,66.67,157.93333333333334
9984113,Rl Cs Bu,30393,1776627.0:313809.0:6282856.0:5765934.0:7537004.0:5972868.0:210328.0:1626057.0:212029.0:6586824.0:8118053.0:3456424.0,Di Cs,30421,1539236.0:8176356.0:8942828.0:4069666.0:8451078.0:3882850.0:4171859.0:8130436.0:3914658.0:6487970.0:1657466.0:6598528.0,30393,Di Cs,field,M Cy Sm Bu,Bengaluru,12-05-2024,night match,In Pr Le,2024,4794,2.8,1,185.66666666666663,80,188.375
9984127,Di Cs,30421,8176356.0:8942828.0:4069666.0:6521080.0:4171859.0:3882850.0:2464349.0:8130436.0:6487970.0:3914658.0:6598528.0:1657466.0,Lw Sr Gs,48334,2654014.0:2954769.0:2275097.0:3479860.0:4230127.0:8058903.0:3299407.0:8713270.0:8442377.0:8228100.0:5554142.0:7924048.0,30421,Lw Sr Gs,field,An Jy Sm Di,Delhi,14-05-2024,night match,In Pr Le,2024,2344,0.5833333333333334,1,175.13333333333333,0,160.8
9984134,Rn Rs,30428,8058959.0:3294444.0:2981614.0:7556051.0:184960.0:8228429.0:5742470.0:4888218.0:1945397.0:4859490.0:3068547.0:3011735.0,Pb Ks,30407,8127181.0:2082044.0:2231928.0:2642751.0:4640824.0:5053082.0:7923859.0:8180500.0:2733380.0:5788418.0:7453697.0:7881845.0,30407,Rn Rs,bat,Ba Ct Sm Gi,Guwahati,15-05-2024,night match,In Pr Le,2024,20068,2,1.4878048780487805,178.6,60,150.19230769230768
9984148,Lw Sr Gs,48334,2954769.0:7833195.0:2275097.0:3479860.0:4230127.0:8713270.0:8058903.0:3299407.0:3546297.0:8228100.0:7924048.0:5554142.0,Mi Is,30435,238727.0:7494668.0:3125562.0:5043310.0:4377610.0:8058924.0:9009237.0:4739552.0:8228009.0:230775.0:8041445.0:6686658.0,48334,Mi Is,field,We Sm Mi,Mumbai,17-05-2024,night match,In Pr Le,2024,5004,0.6,0.5061728395061729,187.53333333333333,75,172.33333333333334
9984155,Rl Cs Bu,30393,1776627.0:313809.0:5765934.0:7537004.0:210328.0:2275195.0:5972868.0:8118053.0:212029.0:6586824.0:3456424.0:1626057.0,Ci Sr Ks,30414,7422673.0:6718382.0:2672214.0:1945425.0:5001170.0:1642738.0:3519011.0:196580.0:3326980.0:5757884.0:8118067.0:7968225.0,30393,Ci Sr Ks,field,M Cy Sm Bu,Bengaluru,18-05-2024,night match,In Pr Le,2024,4794,1.3,0.5061728395061729,185.66666666666663,20,188.375
9984162,Pb Ks,30407,7881719.0:8127181.0:2231928.0:2642751.0:5053082.0:7923859.0:9660804.0:2035102.0:8180500.0:2733380.0:7453697.0:7881845.0,Ss Hd,36014,3710090.0:7491294.0:3127354.0:8228485.0:3057312.0:8117990.0:8228408.0:7925546.0:3429236.0:2282125.0:8072056.0:5618038.0,36014,Pb Ks,bat,Rv Gi Il Sm Ul Hd,Hyderabad,19-05-2024,day/night match,In Pr Le,2024,13880,0.3076923076923077,1.9523809523809523,181.4,50,181.625
9984176,Ss Hd,36014,3710090.0:7491294.0:3127354.0:8228485.0:8117990.0:3057312.0:8228408.0:7925546.0:3429236.0:2282125.0:8072056.0:5618038.0,Ka Kt Rs,30400,6818622.0:1613919.0:5959834.0:4497646.0:5061748.0:1934099.0:7556303.0:2181157.0:8465057.0:9188528.0:7758638.0,30400,Ss Hd,bat,Na Mi Sm Ad,Ahmedabad,21-05-2024,night match,In Pr Le,2024,5893,0.8571428571428571,0.3442622950819672,189.13333333333333,40,168.03333333333333
9984183,Rl Cs Bu,30393,1776627.0:313809.0:7537004.0:5765934.0:2275195.0:5972868.0:210328.0:1626057.0:212029.0:8118053.0:6586824.0:3456424.0,Rn Rs,30428,8058959.0:3294444.0:2981614.0:7556051.0:8228429.0:4690188.0:5742470.0:184960.0:1945397.0:4859490.0:3068547.0:3011735.0,30428,Rn Rs,field,Na Mi Sm Ad,Ahmedabad,22-05-2024,night match,In Pr Le,2024,5893,1.368421052631579,0.6721311475409836,185.66666666666663,75,168.03333333333333
9984190,Ss Hd,36014,3710090.0:7491294.0:3127354.0:4203499.0:3057312.0:8228485.0:8228408.0:8117990.0:3429236.0:2733401.0:2282125.0:5618038.0,Rn Rs,30428,8058959.0:3294444.0:2981614.0:7556051.0:8228429.0:184960.0:4690188.0:5742470.0:1945397.0:3068547.0:4859490.0:3011735.0,36014,Rn Rs,field,MA Cm Sm Ck Ci,Chennai,24-05-2024,night match,In Pr Le,2024,2050,0.7368421052631579,0.3442622950819672,189.13333333333333,50,157.93333333333334
9984197,Ss Hd,36014,7491294.0:3710090.0:3127354.0:4203499.0:8228485.0:3057312.0:8117990.0:8228408.0:3429236.0:2733401.0:2282125.0:5618038.0,Ka Kt Rs,30400,6818622.0:1613919.0:5959834.0:4497646.0:5061748.0:1934099.0:7556303.0:2181157.0:8465057.0:9188528.0:7758638.0,30400,Ss Hd,bat,MA Cm Sm Ck Ci,Chennai,26-05-2024,night match,In Pr Le,2024,2050,1,0.3442622950819672,189.13333333333333,40,157.93333333333334
